#
# A fatal error has been detected by the Java Runtime Environment:
#
#  SIGSEGV (0xb) at pc=0x000000013a9ec008, pid=41004, tid=259
#
# JRE version: OpenJDK Runtime Environment (22.0.2+9) (build 22.0.2+9-70)
# Java VM: OpenJDK 64-Bit Server VM (22.0.2+9-70, mixed mode, sharing, tiered, compressed oops, compressed class ptrs, g1 gc, bsd-aarch64)
# Problematic frame:
# C  [libjfxwebkit.dylib+0x1628008]  Java_com_sun_webkit_dom_JSObject_unprotectImpl+0x76d664
#
# No core dump will be written. Core dumps have been disabled. To enable core dumping, try "ulimit -c unlimited" before starting Java again
#
# If you would like to submit a bug report, please visit:
#   https://bugreport.java.com/bugreport/crash.jsp
# The crash happened outside the Java Virtual Machine in native code.
# See problematic frame for where to report the bug.
#

---------------  S U M M A R Y ------------

Command Line: -agentlib:jdwp=transport=dt_socket,address=127.0.0.1:64866,suspend=y,server=n -javaagent:/Users/halitburakyesildal/Library/Caches/JetBrains/IntelliJIdea2026.1/captureAgent/debugger-agent.jar=file:///var/folders/qh/fbrmsxsd0tx74jrj2ckfqrn40000gn/T/capture1799224733726847963.props -Dkotlinx.coroutines.debug.enable.creation.stack.trace=false -Ddebugger.agent.enable.coroutines=true -Dkotlinx.coroutines.debug.enable.flows.stack.trace=true -Dkotlinx.coroutines.debug.enable.mutable.state.flows.stack.trace=true -Ddebugger.async.stack.trace.for.all.threads=true -Dfile.encoding=UTF-8 -Dsun.stdout.encoding=UTF-8 -Dsun.stderr.encoding=UTF-8 --module-path=/Users/halitburakyesildal/.m2/repository/com/fasterxml/jackson/core/jackson-core/2.12.1/jackson-core-2.12.1.jar:/Users/halitburakyesildal/IdeaProjects/Oauth2TokenTestWithPkceFx/target/classes:/Users/halitburakyesildal/.m2/repository/org/openjfx/javafx-graphics/21.0.6/javafx-graphics-21.0.6-mac-aarch64.jar:/Users/halitburakyesildal/.m2/repository/com/dlsc/formsfx/formsfx-core/11.6.0/formsfx-core-11.6.0.jar:/Users/halitburakyesildal/.m2/repository/org/openjfx/javafx-web/21.0.6/javafx-web-21.0.6-mac-aarch64.jar:/Users/halitburakyesildal/.m2/repository/com/gluonhq/attach/lifecycle/4.0.9/lifecycle-4.0.9.jar:/Users/halitburakyesildal/.m2/repository/com/fasterxml/jackson/core/jackson-databind/2.12.1/jackson-databind-2.12.1.jar:/Users/halitburakyesildal/.m2/repository/eu/hansolo/tilesfx/21.0.9/tilesfx-21.0.9.jar:/Users/halitburakyesildal/.m2/repository/com/github/almasb/fxgl-core/11.17/fxgl-core-11.17.jar:/Users/halitburakyesildal/.m2/repository/com/nimbusds/oauth2-oidc-sdk/11.37/oauth2-oidc-sdk-11.37.jar:/Users/halitburakyesildal/.m2/repository/com/github/almasb/fxgl-io/11.17/fxgl-io-11.17.jar:/Users/halitburakyesildal/.m2/repository/org/openjfx/javafx-controls/21.0.6/javafx-controls-21.0.6-mac-aarch64.jar:/Users/halitburakyesildal/.m2/repository/org/openjfx/javafx-fxml/21.0.6/javafx-fxml-21.0.6-mac-aarch64.jar:/Users/halitburakyesildal/.m2/repository/com/gluonhq/attach/storage/4.0.9/storage-4.0.9.jar:/Users/halitburakyesildal/.m2/repository/eu/hansolo/fx/heatmap/21.0.5/heatmap-21.0.5.jar:/Users/halitburakyesildal/.m2/repository/net/synedra/validatorfx/0.6.1/validatorfx-0.6.1.jar:/Users/halitburakyesildal/.m2/repository/org/kordamp/ikonli/ikonli-core/12.3.1/ikonli-core-12.3.1.jar:/Users/halitburakyesildal/.m2/repository/com/github/almasb/fxgl-gameplay/11.17/fxgl-gameplay-11.17.jar:/Users/halitburakyesildal/.m2/repository/org/kordamp/ikonli/ikonli-javafx/12.3.1/ikonli-javafx-12.3.1.jar:/Users/halitburakyesildal/.m2/repository/com/github/almasb/fxgl-scene/11.1-Djdk.module.main=com.phyex.oauth2tokentestwithpkcefx com.phyex.oauth2tokentestwithpkcefx/com.phyex.oauth2tokentestwithpkcefx.Launcher

Host: "Mac15,12" arm64, 8 cores, 16G, Darwin 25.4.0, macOS 26.4.1 (25E253)
Time: Sat May  9 20:50:10 2026 +03 elapsed time: 7.927524 seconds (0d 0h 0m 7s)

---------------  T H R E A D  ---------------

Current thread (0x0000000a5b5a8700):  JavaThread "JavaFX Application Thread"        [_thread_in_native, id=259, stack(0x000000016a84c000,0x000000016b048000) (8176K)]

Stack: [0x000000016a84c000,0x000000016b048000],  sp=0x000000016b03fee0,  free space=8143k
Native frames: (J=compiled Java code, j=interpreted, Vv=VM code, C=native code)
C  [libjfxwebkit.dylib+0x1628008]  Java_com_sun_webkit_dom_JSObject_unprotectImpl+0x76d664
C  [libjfxwebkit.dylib+0x1633d1c]  Java_com_sun_webkit_dom_JSObject_unprotectImpl+0x779378
C  [libjfxwebkit.dylib+0x166e104]  Java_com_sun_webkit_dom_JSObject_unprotectImpl+0x7b3760
C  [libjfxwebkit.dylib+0x166e41c]  Java_com_sun_webkit_dom_JSObject_unprotectImpl+0x7b3a78
C  [libjfxwebkit.dylib+0x15cde64]  Java_com_sun_webkit_dom_JSObject_unprotectImpl+0x7134c0
C  [libjfxwebkit.dylib+0x15ce480]  Java_com_sun_webkit_dom_JSObject_unprotectImpl+0x713adc
C  [libjfxwebkit.dylib+0x16217bc]  Java_com_sun_webkit_dom_JSObject_unprotectImpl+0x766e18
C  [libjfxwebkit.dylib+0xb024c]  Java_com_sun_webkit_PopupMenu_twkPopupClosed+0x4a04
C  [libjfxwebkit.dylib+0x16194e4]  Java_com_sun_webkit_dom_JSObject_unprotectImpl+0x75eb40
C  [libjfxwebkit.dylib+0x1618800]  Java_com_sun_webkit_dom_JSObject_unprotectImpl+0x75de5c
C  [libjfxwebkit.dylib+0x15ba38c]  Java_com_sun_webkit_dom_JSObject_unprotectImpl+0x6ff9e8
C  [libjfxwebkit.dylib+0x15b8e44]  Java_com_sun_webkit_dom_JSObject_unprotectImpl+0x6fe4a0
C  [libjfxwebkit.dylib+0x166e3c4]  Java_com_sun_webkit_dom_JSObject_unprotectImpl+0x7b3a20
C  [libjfxwebkit.dylib+0x166de08]  Java_com_sun_webkit_dom_JSObject_unprotectImpl+0x7b3464
C  [libjfxwebkit.dylib+0x1632a24]  Java_com_sun_webkit_dom_JSObject_unprotectImpl+0x778080
C  [libjfxwebkit.dylib+0x1629660]  Java_com_sun_webkit_dom_JSObject_unprotectImpl+0x76ecbc
C  [libjfxwebkit.dylib+0x19a41e4]  Java_com_sun_webkit_WCWidget_initIDs+0x49d80
C  [libjfxwebkit.dylib+0x19a6bf8]  Java_com_sun_webkit_network_SocketStreamHandle_twkDidClose+0x150c
C  [libjfxwebkit.dylib+0x19a7478]  Java_com_sun_webkit_network_URLLoaderBase_twkWillSendRequest+0x34
j  com.sun.webkit.network.URLLoaderBase.twkWillSendRequest(ILjava/lang/String;Ljava/lang/String;JLjava/lang/String;Ljava/lang/String;J)V+0 javafx.web@21.0.6
j  com.sun.webkit.network.HTTP2Loader.lambda$willSendRequest$14(Ljava/net/http/HttpResponse$ResponseInfo;)V+28 javafx.web@21.0.6
j  com.sun.webkit.network.HTTP2Loader$$Lambda+0x00000ffc0133f160.run()V+8 javafx.web@21.0.6
j  com.sun.webkit.network.HTTP2Loader.lambda$callBackIfNotCanceled$10(Ljava/lang/Runnable;)V+8 javafx.web@21.0.6
j  com.sun.webkit.network.HTTP2Loader$$Lambda+0x00000ffc012ec000.run()V+8 javafx.web@21.0.6
J 3425 c1 com.sun.javafx.application.PlatformImpl$$Lambda+0x00000ffc01097018.run()Ljava/lang/Object; javafx.graphics@21.0.6 (8 bytes) @ 0x00000001140c2a68 [0x00000001140c28c0+0x00000000000001a8]
J 3423 c1 com.sun.javafx.application.PlatformImpl.lambda$runLater$11(Ljava/lang/Runnable;Ljava/security/AccessControlContext;)V javafx.graphics@21.0.6 (41 bytes) @ 0x00000001140c1620 [0x00000001140c1000+0x0000000000000620]
J 2984 c1 com.sun.javafx.application.PlatformImpl$$Lambda+0x00000ffc01096bc0.run()V javafx.graphics@21.0.6 (12 bytes) @ 0x0000000113fc8e18 [0x0000000113fc8d40+0x00000000000000d8]
J 3343 c1 com.sun.glass.ui.InvokeLaterDispatcher$Future.run$$$capture()V javafx.graphics@21.0.6 (91 bytes) @ 0x0000000114089a28 [0x00000001140898c0+0x0000000000000168]
J 3342 c1 com.sun.glass.ui.InvokeLaterDispatcher$Future.run()V javafx.graphics@21.0.6 (27 bytes) @ 0x0000000114088698 [0x0000000114088240+0x0000000000000458]
v  ~StubRoutines::call_stub 0x000000011afd4154
V  [libjvm.dylib+0x4b12f0]  JavaCalls::call_helper(JavaValue*, methodHandle const&, JavaCallArguments*, JavaThread*)+0x3d8
V  [libjvm.dylib+0x5229d0]  jni_invoke_nonstatic(JNIEnv_*, JavaValue*, _jobject*, JNICallType, _jmethodID*, JNI_ArgumentPusher*, JavaThread*)+0x3e0
V  [libjvm.dylib+0x5273f8]  jni_CallVoidMethod+0x11c
C  [libglass.dylib+0x8db8]  JNI_OnLoad+0xcc
C  [Foundation+0x78acc]  __NSThreadPerformPerform+0x108
C  [CoreFoundation+0x7dbc0]  __CFRUNLOOP_IS_CALLING_OUT_TO_A_SOURCE0_PERFORM_FUNCTION__+0x1c
C  [CoreFoundation+0x7db54]  __CFRunLoopDoSource0+0xac
C  [CoreFoundation+0x7d8c0]  __CFRunLoopDoSources0+0xe8
C  [CoreFoundation+0x7c4e4]  __CFRunLoopRun+0x334
C  [CoreFoundation+0x14ebe0]  _CFRunLoopRunSpecificWithOptions+0x214
C  [HIToolbox+0xbd560]  RunCurrentEventLoopInMode+0x140
C  [HIToolbox+0xc08bc]  ReceiveNextEventCommon+0x1e8
C  [HIToolbox+0x24a13c]  _BlockUntilNextEventMatchingListInMode+0x30
C  [AppKit+0x6e51a4]  _DPSBlockUntilNextEventMatchingListInMode+0xe4
C  [AppKit+0x39084]  _DPSNextEvent+0x240
C  [AppKit+0xbce69c]  -[NSApplication(NSEventRouting) _nextEventMatchingEventMask:untilDate:inMode:dequeue:]+0x2b0
C  [AppKit+0xbce3a8]  -[NSApplication(NSEventRouting) nextEventMatchingMask:untilDate:inMode:dequeue:]+0x48
C  [AppKit+0x2c13c]  -[NSApplication run]+0x170
C  [libglass.dylib+0xacec]  JNI_OnLoad+0x2000
C  [Foundation+0x78acc]  __NSThreadPerformPerform+0x108
C  [CoreFoundation+0x7dbc0]  __CFRUNLOOP_IS_CALLING_OUT_TO_A_SOURCE0_PERFORM_FUNCTION__+0x1c
C  [CoreFoundation+0x7db54]  __CFRunLoopDoSource0+0xac
C  [CoreFoundation+0x7d8c0]  __CFRunLoopDoSources0+0xe8
C  [CoreFoundation+0x7c4e4]  __CFRunLoopRun+0x334
C  [CoreFoundation+0x14ebe0]  _CFRunLoopRunSpecificWithOptions+0x214
C  [libjli.dylib+0xcea4]  CreateExecutionEnvironment+0x194
C  [libjli.dylib+0x8ab4]  JLI_Launch+0x480
C  [java+0x3bb4]  main+0x194
C  [dyld+0x1fda4]  start+0x1b50
Java frames: (J=compiled Java code, j=interpreted, Vv=VM code)
j  com.sun.webkit.network.URLLoaderBase.twkWillSendRequest(ILjava/lang/String;Ljava/lang/String;JLjava/lang/String;Ljava/lang/String;J)V+0 javafx.web@21.0.6
j  com.sun.webkit.network.HTTP2Loader.lambda$willSendRequest$14(Ljava/net/http/HttpResponse$ResponseInfo;)V+28 javafx.web@21.0.6
j  com.sun.webkit.network.HTTP2Loader$$Lambda+0x00000ffc0133f160.run()V+8 javafx.web@21.0.6
j  com.sun.webkit.network.HTTP2Loader.lambda$callBackIfNotCanceled$10(Ljava/lang/Runnable;)V+8 javafx.web@21.0.6
j  com.sun.webkit.network.HTTP2Loader$$Lambda+0x00000ffc012ec000.run()V+8 javafx.web@21.0.6
J 3425 c1 com.sun.javafx.application.PlatformImpl$$Lambda+0x00000ffc01097018.run()Ljava/lang/Object; javafx.graphics@21.0.6 (8 bytes) @ 0x00000001140c2a68 [0x00000001140c28c0+0x00000000000001a8]
J 3423 c1 com.sun.javafx.application.PlatformImpl.lambda$runLater$11(Ljava/lang/Runnable;Ljava/security/AccessControlContext;)V javafx.graphics@21.0.6 (41 bytes) @ 0x00000001140c1620 [0x00000001140c1000+0x0000000000000620]
J 2984 c1 com.sun.javafx.application.PlatformImpl$$Lambda+0x00000ffc01096bc0.run()V javafx.graphics@21.0.6 (12 bytes) @ 0x0000000113fc8e18 [0x0000000113fc8d40+0x00000000000000d8]
J 3343 c1 com.sun.glass.ui.InvokeLaterDispatcher$Future.run$$$capture()V javafx.graphics@21.0.6 (91 bytes) @ 0x0000000114089a28 [0x00000001140898c0+0x0000000000000168]
J 3342 c1 com.sun.glass.ui.InvokeLaterDispatcher$Future.run()V javafx.graphics@21.0.6 (27 bytes) @ 0x0000000114088698 [0x0000000114088240+0x0000000000000458]
v  ~StubRoutines::call_stub 0x000000011afd4154

siginfo: si_signo: 11 (SIGSEGV), si_code: 2 (SEGV_ACCERR), si_addr: 0x0000000000000010

Registers:
 x0=0x0000000000000001  x1=0x00000003022bd420  x2=0x0000000000000000  x3=0x00000003020af6e6
 x4=0x000000011afdda80  x5=0x0000000a5a8d0418  x6=0x0000000000000000  x7=0x0000000a5b5a8700
 x8=0x0000000000000000  x9=0x00050003020af6c0 x10=0x0000000000000089 x11=0x0000000000000008
x12=0x000000000000ffff x13=0x0000000000000003 x14=0x00000003020af6e4 x15=0x00000000fd9714ef
x16=0x0000000186bd2c8c x17=0x0000000a58868be0 x18=0x0000000000000000 x19=0x0000000134006ec0
x20=0x000000016b040138 x21=0x0000000134013ec0 x22=0x000000013400c240 x23=0x0000000000000000
x24=0x00000003021676e8 x25=0x0000000000000061 x26=0x00000003021676c8 x27=0x000000013402c110
x28=0x0000000000000000  fp=0x000000016b040010  lr=0x000000013a9ebfd4  sp=0x000000016b03fee0
pc=0x000000013a9ec008 cpsr=0x0000000060001000

Register to memory mapping:

x0 =0x0000000000000001 is an unknown value
x1 =0x00000003022bd420 points into unknown readable memory: 0x0000000900000004 | 04 00 00 00 09 00 00 00
x2 =0x0 is null
x3 =0x00000003020af6e6 points into unknown readable memory: 00 00
x4 =0x000000011afdda80 is at code_begin+0 in an Interpreter codelet
method entry point (kind = zerolocals)  [0x000000011afdda80, 0x000000011afddf40]  1216 bytes
x5 =0x0000000a5a8d0418 points into unknown readable memory: 0x00000004d5001658 | 58 16 00 d5 04 00 00 00
x6 =0x0 is null
x7 =0x0000000a5b5a8700 is a thread
x8 =0x0 is null
x9 =0x00050003020af6c0 is an unknown value
x10=0x0000000000000089 is an unknown value
x11=0x0000000000000008 is an unknown value
x12=0x000000000000ffff is an unknown value
x13=0x0000000000000003 is an unknown value
x14=0x00000003020af6e4 points into unknown readable memory: 74 00 00 00
x15=0x00000000fd9714ef is an unknown value
x16=0x0000000186bd2c8c: pthread_getspecific+0 in /usr/lib/system/libsystem_pthread.dylib at 0x0000000186bd1000
x17=0x0000000a58868be0 points into unknown readable memory: 0x00000000ffffffff | ff ff ff ff 00 00 00 00
x18=0x0 is null
x19=0x0000000134006ec0 points into unknown readable memory: 0x000000013e571480 | 80 14 57 3e 01 00 00 00
x20=0x000000016b040138 is pointing into the stack for thread: 0x0000000a5b5a8700
x21=0x0000000134013ec0 points into unknown readable memory: 0x00000001340bd600 | 00 d6 0b 34 01 00 00 00
x22=0x000000013400c240 points into unknown readable memory: 0x000000013e3eeb30 | 30 eb 3e 3e 01 00 00 00
x23=0x0 is null
x24=0x00000003021676e8 points into unknown readable memory: 0x00000001340a8d00 | 00 8d 0a 34 01 00 00 00
x25=0x0000000000000061 is an unknown value
x26=0x00000003021676c8 points into unknown readable memory: 0x00000003021b1b30 | 30 1b 1b 02 03 00 00 00
x27=0x000000013402c110 points into unknown readable memory: 0x000000013e3ef970 | 70 f9 3e 3e 01 00 00 00
x28=0x0 is null
 fp=0x000000016b040010 is pointing into the stack for thread: 0x0000000a5b5a8700
 lr=0x000000013a9ebfd4: Java_com_sun_webkit_dom_JSObject_unprotectImpl+0x76d630 in /Users/halitburakyesildal/.openjfx/cache/21.0.6+3/aarch64/libjfxwebkit.dylib at 0x00000001393c4000
 sp=0x000000016b03fee0 is pointing into the stack for thread: 0x0000000a5b5a8700

Top of Stack: (sp=0x000000016b03fee0)
0x000000016b03fee0:   0000000000000000 0000000000000000
0x000000016b03fef0:   0000000000000000 0000000000000000
0x000000016b03ff00:   00000005d4fd1648 00000005d4fd1768
0x000000016b03ff10:   fffffffffffffff6 000000012a917c92
0x000000016b03ff20:   0000000000000003 000000012a918248
0x000000016b03ff30:   00000004d57f8b40 fffffffffffffff0
0x000000016b03ff40:   0000000000000002 0000000000000002
0x000000016b03ff50:   0000000000000040 0000000000000000
0x000000016b03ff60:   00000003021c6102 000000016b03ffb8
0x000000016b03ff70:   000000016b03ffa0 000000013bfca978
0x000000016b03ff80:   0000000135748000 0000000000000000
0x000000016b03ff90:   0000000000000001 000000016b040040
0x000000016b03ffa0:   00000003021c6102 0000000000000000
0x000000016b03ffb0:   000000070000012b 0000000700000007
0x000000016b03ffc0:   0000004300000010 000001310000004f
0x000000016b03ffd0:   00000003021676c8 00000003021676e0
0x000000016b03ffe0:   00000003021676e8 00000003021043a0
0x000000016b03fff0:   0000000302101080 000000016b040038
0x000000016b040000:   0000000134006ec0 0000000134013ec0
0x000000016b040010:   000000016b040170 000000013a9f7d1c
0x000000016b040020:   0000000134006ec0 0000000000000000
0x000000016b040030:   0000000000000000 00000001340bdb40
0x000000016b040040:   000000070000012b 0000000700000007
0x000000016b040050:   0000004300000010 000001310000004f
0x000000016b040060:   00000003021c5da0 0000000000000000
0x000000016b040070:   0000000000000000 0000000000000000
0x000000016b040080:   0000000000000000 0000000134a04e80
0x000000016b040090:   0000000800000008 00000003020af4b0
0x000000016b0400a0:   0000000300000003 0000000000000000
0x000000016b0400b0:   0000000302167600 00000003021676e0
0x000000016b0400c0:   00000003021676e8 0000000302167600
0x000000016b0400d0:   00000000ba8e012e 7ff8000000000000 

Instructions: (pc=0x000000013a9ec008)
0x000000013a9ebf08:   e0 53 40 f9 ff 53 00 f9 c0 00 00 b5 0b 00 00 14
0x000000013a9ebf18:   ba 2b 59 94 e0 53 40 f9 ff 53 00 f9 e0 00 00 b4
0x000000013a9ebf28:   08 00 40 b9 08 09 00 71 60 00 00 54 08 00 00 b9
0x000000013a9ebf38:   02 00 00 14 b1 2b 59 94 e0 23 00 91 a1 f4 a7 97
0x000000013a9ebf48:   d2 00 00 14 00 05 80 52 e1 03 13 aa e2 03 15 aa
0x000000013a9ebf58:   e3 03 16 aa 43 e0 ff 97 0a 00 00 14 08 8c 5e f8
0x000000013a9ebf68:   08 0d 40 f9 00 01 3f d6 d9 00 00 b4 37 23 00 91
0x000000013a9ebf78:   08 00 80 12 e8 02 e8 b8 1f 05 00 71 e0 21 00 54
0x000000013a9ebf88:   c8 6a 42 39 48 03 00 37 cb da 06 94 16 04 40 f9
0x000000013a9ebf98:   f6 00 00 b5 f7 03 00 aa 08 00 40 f9 08 09 40 f9
0x000000013a9ebfa8:   00 01 3f d6 f6 03 00 aa e0 06 00 f9 e0 03 15 aa
0x000000013a9ebfb8:   a7 ab 0d 94 e2 03 00 aa c8 02 40 f9 08 19 40 f9
0x000000013a9ebfc8:   e0 03 16 aa e1 03 13 aa 00 01 3f d6 68 12 40 f9
0x000000013a9ebfd8:   68 01 00 b4 17 69 40 f9 57 01 00 b4 e8 02 40 b9
0x000000013a9ebfe8:   08 05 00 11 e8 02 00 b9 06 00 00 14 60 22 05 91
0x000000013a9ebff8:   e1 03 15 aa 65 3e ff 97 99 00 00 14 17 00 80 d2
0x000000013a9ec008:   f6 0a 40 f9 e0 03 15 aa 91 ab 0d 94 e1 03 00 aa
0x000000013a9ec018:   e0 23 00 91 cf d2 fe 97 c8 02 40 f9 08 15 42 f9
0x000000013a9ec028:   e1 23 00 91 e0 03 16 aa 00 01 3f d6 e0 07 40 f9
0x000000013a9ec038:   ff 07 00 f9 e0 00 00 b4 08 00 40 b9 08 09 00 71
0x000000013a9ec048:   60 00 00 54 08 00 00 b9 02 00 00 14 6b 2b 59 94
0x000000013a9ec058:   e8 02 40 b9 08 05 00 51 e8 02 00 b9 60 22 05 91
0x000000013a9ec068:   e1 03 15 aa 49 3e ff 97 e0 03 15 aa 78 ab 0d 94
0x000000013a9ec078:   f6 03 00 aa 68 16 40 f9 c8 08 00 b4 08 b9 6c 39
0x000000013a9ec088:   88 08 00 35 68 12 40 f9 48 07 00 b4 17 69 40 f9
0x000000013a9ec098:   37 07 00 b4 e8 02 40 b9 08 05 00 11 e8 02 00 b9
0x000000013a9ec0a8:   35 00 00 14 68 02 40 f9 08 71 40 f9 e0 03 13 aa
0x000000013a9ec0b8:   00 01 3f d6 a0 dd ff b4 68 02 40 f9 08 71 40 f9
0x000000013a9ec0c8:   e0 03 13 aa 00 01 3f d6 08 90 48 39 1f 11 00 72
0x000000013a9ec0d8:   c1 dc ff 54 c8 6a 42 39 88 dc 07 37 b7 a3 01 d1
0x000000013a9ec0e8:   e0 03 16 aa 6f ad 0d 94 08 00 40 f9 88 00 00 b4
0x000000013a9ec0f8:   09 01 40 b9 29 09 00 11 09 01 00 b9 a8 83 19 f8 


Stack slot to memory mapping:

stack at sp + 0 slots: 0x0 is null
stack at sp + 1 slots: 0x0 is null
stack at sp + 2 slots: 0x0 is null
stack at sp + 3 slots: 0x0 is null
stack at sp + 4 slots: 0x00000005d4fd1648 is an oop: java.lang.String 
{0x00000005d4fd1648} - klass: 'java/lang/String'
 - string: "http://localhost:8081/callback?session_state=N6jNgbeyslhvaxX_5m1gtts-&iss=http%3A%2F%2Flocalhost%3A8090%2Frealms%2Fspring-oauth-test-realm&code=3a64c158-7263-d342-660f-20221ea14716.N6jNgbeyslhvaxX_5m1gtts-.5a1a33d0-8e6f-44c0-9a24-8eb023588c9e"
 - ---- fields (total size 3 words):
 - private 'hash' 'I' @12  0 (0x00000000)
 - private final 'coder' 'B' @16  0 (0x00)
 - private 'hashIsZero' 'Z' @17  false (0x00)
 - injected 'flags' 'B' @18  0 (0x00)
 - private final 'value' '[B' @20  [B{0x00000005d4fd1660} (0xba9fa2cc)
stack at sp + 5 slots: 0x00000005d4fd1768 is an oop: java.net.URL 
{0x00000005d4fd1768} - klass: 'java/net/URL'
 - ---- fields (total size 8 words):
 - private 'port' 'I' @12  8081 (0x00001f91)
 - private 'hashCode' 'I' @16  -1 (0xffffffff)
 - private 'protocol' 'Ljava/lang/String;' @20  "http"{0x00000005d4fd17a8} (0xba9fa2f5)
 - private 'host' 'Ljava/lang/String;' @24  "localhost"{0x00000005d4fd1958} (0xba9fa32b)
 - private 'file' 'Ljava/lang/String;' @28  "/callback?session_state=N6jNgbeyslhvaxX_5m1gtts-&iss=http%3A%2F%2Flocalhost%3A8090%2Frealms%2Fspring-oauth-test-realm&code=3a64c158-7263-d342-660f-20221ea14716.N6jNgbeyslhvaxX_5m1gtts-.5a1a33d0-8e6f-44c0-9a24-8eb023588c9e"{0x00000005d4fd1af0} (0xba9fa35e)
 - private transient 'query' 'Ljava/lang/String;' @32  "session_state=N6jNgbeyslhvaxX_5m1gtts-&iss=http%3A%2F%2Flocalhost%3A8090%2Frealms%2Fspring-oauth-test-realm&code=3a64c158-7263-d342-660f-20221ea14716.N6jNgbeyslhvaxX_5m1gtts-.5a1a33d0-8e6f-44c0-9a24-8eb023588c9e"{0x00000005d4fd17d8} (0xba9fa2fb)
 - private 'authority' 'Ljava/lang/String;' @36  "localhost:8081"{0x00000005d4fd1920} (0xba9fa324)
 - private transient 'path' 'Ljava/lang/String;' @40  "/callback"{0x00000005d4fd1990} (0xba9fa332)
 - private transient 'userInfo' 'Ljava/lang/String;' @44  null (0x00000000)
 - private 'ref' 'Ljava/lang/String;' @48  null (0x00000000)
 - private transient 'hostAddress' 'Ljava/net/InetAddress;' @52  null (0x00000000)
 - transient 'handler' 'Ljava/net/URLStreamHandler;' @56  a 'sun/net/www/protocol/http/Handler'{0x00000004d52c5d08} (0x9aa58ba1)
 - private transient 'tempState' 'Ljava/net/UrlDeserializedState;' @60  null (0x00000000)
stack at sp + 6 slots: 0xfffffffffffffff6 is an unknown value
stack at sp + 7 slots: 0x000000012a917c92 is pointing into metadata


Compiled method (c1) 7934 3425       3       com.sun.javafx.application.PlatformImpl$$Lambda/0x00000ffc01097018::run (8 bytes)
 total in heap  [0x00000001140c2710,0x00000001140c2c20] = 1296
 relocation     [0x00000001140c2860,0x00000001140c28a8] = 72
 main code      [0x00000001140c28c0,0x00000001140c2af8] = 568
 stub code      [0x00000001140c2af8,0x00000001140c2b40] = 72
 oops           [0x00000001140c2b40,0x00000001140c2b48] = 8
 metadata       [0x00000001140c2b48,0x00000001140c2b70] = 40
 scopes data    [0x00000001140c2b70,0x00000001140c2ba8] = 56
 scopes pcs     [0x00000001140c2ba8,0x00000001140c2c08] = 96
 dependencies   [0x00000001140c2c08,0x00000001140c2c10] = 8
 nul chk table  [0x00000001140c2c10,0x00000001140c2c20] = 16

[Constant Pool (empty)]

[MachCode]
[Entry Point]
  # {method} {0x000000012a5ca590} 'run' '()Ljava/lang/Object;' in 'com/sun/javafx/application/PlatformImpl$$Lambda+0x00000ffc01097018'
  #           [sp+0x50]  (sp of caller)
  0x00000001140c28c0: 2808 40b9 | 3f01 086b | c001 0054 

  0x00000001140c28cc: ;   {runtime_call ic_miss_stub}
  0x00000001140c28cc: 6d35 bd15 | 1f20 03d5 | 1f20 03d5 | 1f20 03d5 | 1f20 03d5 | 1f20 03d5 | 1f20 03d5 | 1f20 03d5 
  0x00000001140c28ec: 1f20 03d5 | 1f20 03d5 | 1f20 03d5 | 1f20 03d5 | 1f20 03d5 
[Verified Entry Point]
  0x00000001140c2900: 1f20 03d5 | e953 40d1 | 3f01 00f9 | ff43 01d1 | fd7b 04a9 | 2801 0018 | 8923 40b9 | 1f01 09eb 
  0x00000001140c2920: e000 0054 

  0x00000001140c2924: ;   {runtime_call StubRoutines (final stubs)}
  0x00000001140c2924: 0830 93d2 | 2860 a3f2 | 2800 c0f2 | 0001 3fd6 | 0200 0014 | 0300 0000 

  0x00000001140c293c: ;   {metadata(method data for {method} {0x000000012a5ca590} 'run' '()Ljava/lang/Object;' in 'com/sun/javafx/application/PlatformImpl$$Lambda+0x00000ffc01097018')}
  0x00000001140c293c: 0020 92d2 | 8068 a5f2 | 2000 c0f2 | 02ac 40b9 | 4208 0011 | 02ac 00b9 | 4224 1f12 | 5f00 0071 
  0x00000001140c295c: a009 0054 | 200c 40b9 | 00f0 7dd3 

  0x00000001140c2968: ;   {metadata(method data for {method} {0x000000012a5ca590} 'run' '()Ljava/lang/Object;' in 'com/sun/javafx/application/PlatformImpl$$Lambda+0x00000ffc01097018')}
  0x00000001140c2968: 0220 92d2 | 8268 a5f2 | 2200 c0f2 | 487c 40f9 | 0805 0091 | 487c 00f9 

  0x00000001140c2980: ;   {metadata(method data for {method} {0x000000012a424bd8} 'lambda$runLater$10' '(Ljava/lang/Runnable;)Ljava/lang/Void;' in 'com/sun/javafx/application/PlatformImpl')}
  0x00000001140c2980: 0249 92d2 | 8268 a5f2 | 2200 c0f2 | 43ac 40b9 | 6308 0011 | 43ac 00b9 | 634c 1f12 | 7f00 0071 
  0x00000001140c29a0: 8008 0054 

  0x00000001140c29a4: ; implicit exception: dispatches to 0x00000001140c2ad0
  0x00000001140c29a4: 1f00 40f9 | e203 00aa 

  0x00000001140c29ac: ;   {metadata(method data for {method} {0x000000012a424bd8} 'lambda$runLater$10' '(Ljava/lang/Runnable;)Ljava/lang/Void;' in 'com/sun/javafx/application/PlatformImpl')}
  0x00000001140c29ac: 0349 92d2 | 8368 a5f2 | 2300 c0f2 | 4208 40b9 | 4224 5ed2 | 6900 0491 | 2801 40f9 | 5f00 08eb 
  0x00000001140c29cc: a100 0054 | 6884 40f9 | 0805 0091 | 6884 00f9 | 1c00 0014 | 6940 0491 | 2801 40f9 | 5f00 08eb 
  0x00000001140c29ec: a100 0054 | 688c 40f9 | 0805 0091 | 688c 00f9 | 1400 0014 | 6900 0491 | 2801 40f9 | c800 00b5 
  0x00000001140c2a0c: 2201 00f9 | e803 40b2 | 6920 0491 | 2801 00f9 | 0c00 0014 | 6940 0491 | 2801 40f9 | c800 00b5 
  0x00000001140c2a2c: 2201 00f9 | e803 40b2 | 6960 0491 | 2801 00f9 | 0400 0014 | 687c 40f9 | 0805 0091 | 687c 00f9 
  0x00000001140c2a4c: e113 00f9 | e103 00aa | e017 00f9 | 0970 89d2 | 29d5 abf2 | 4901 c0f2 

  0x00000001140c2a64: ; ImmutableOopMap {[32]=Oop [40]=Oop }
                      ;*invokeinterface run {reexecute=0 rethrow=0 return_oop=0}
                      ; - com.sun.javafx.application.PlatformImpl::lambda$runLater$10@1 (line 456)
                      ; - com.sun.javafx.application.PlatformImpl$$Lambda/0x00000ffc01097018::run@4
                      ;   {virtual_call}
  0x00000001140c2a64: 4905 c195 

  0x00000001140c2a68: ;   {other}
  0x00000001140c2a68: 1f20 03d5 | 1f6b 80f2 | 1f00 80f2 | e003 1faa | fd7b 44a9 | ff43 0191 

  0x00000001140c2a80: ;   {poll_return}
  0x00000001140c2a80: 882f 42f9 | ff63 28eb | 6802 0054 | c003 5fd6 

  0x00000001140c2a90: ;   {metadata({method} {0x000000012a5ca590} 'run' '()Ljava/lang/Object;' in 'com/sun/javafx/application/PlatformImpl$$Lambda+0x00000ffc01097018')}
  0x00000001140c2a90: 08b2 94d2 | 884b a5f2 | 2800 c0f2 | e807 00f9 | 0800 8092 | e803 00f9 

  0x00000001140c2aa8: ; ImmutableOopMap {c_rarg1=Oop }
                      ;*synchronization entry
                      ; - com.sun.javafx.application.PlatformImpl$$Lambda/0x00000ffc01097018::run@-1
                      ;   {runtime_call counter_overflow Runtime1 stub}
  0x00000001140c2aa8: 96cc c095 | adff ff17 

  0x00000001140c2ab0: ;   {metadata({method} {0x000000012a424bd8} 'lambda$runLater$10' '(Ljava/lang/Runnable;)Ljava/lang/Void;' in 'com/sun/javafx/application/PlatformImpl')}
  0x00000001140c2ab0: 087b 89d2 | 4848 a5f2 | 2800 c0f2 | e807 00f9 | 0800 8092 | e803 00f9 

  0x00000001140c2ac8: ; ImmutableOopMap {c_rarg1=Oop c_rarg0=Oop }
                      ;*synchronization entry
                      ; - com.sun.javafx.application.PlatformImpl::lambda$runLater$10@-1 (line 456)
                      ; - com.sun.javafx.application.PlatformImpl$$Lambda/0x00000ffc01097018::run@4
                      ;   {runtime_call counter_overflow Runtime1 stub}
  0x00000001140c2ac8: 8ecc c095 | b6ff ff17 

  0x00000001140c2ad0: ; ImmutableOopMap {c_rarg1=Oop c_rarg0=Oop }
                      ;*invokeinterface run {reexecute=0 rethrow=0 return_oop=0}
                      ; - com.sun.javafx.application.PlatformImpl::lambda$runLater$10@1 (line 456)
                      ; - com.sun.javafx.application.PlatformImpl$$Lambda/0x00000ffc01097018::run@4
                      ;   {runtime_call throw_null_pointer_exception Runtime1 stub}
  0x00000001140c2ad0: ecb8 c095 

  0x00000001140c2ad4: ;   {internal_word}
  0x00000001140c2ad4: 68fd ff10 | 883b 02f9 

  0x00000001140c2adc: ;   {runtime_call SafepointBlob}
  0x00000001140c2adc: 894f bd15 | 8087 42f9 | 9f87 02f9 | 9f8b 02f9 | fd7b 44a9 | ff43 0191 

  0x00000001140c2af4: ;   {runtime_call unwind_exception Runtime1 stub}
  0x00000001140c2af4: 23b5 c015 
[Stub Code]
  0x00000001140c2af8: ;   {no_reloc}
  0x00000001140c2af8: df3f 03d5 

  0x00000001140c2afc: ;   {metadata(nullptr)}
  0x00000001140c2afc: 0c00 80d2 | 0c00 a0f2 | 0c00 c0f2 | 0800 80d2 | 0800 a0f2 | 0800 c0f2 | 0001 1fd6 

  0x00000001140c2b18: ;   {trampoline_stub}
  0x00000001140c2b18: 4800 0058 | 0001 1fd6 | 883f 101b | 0100 0000 
[Exception Handler]
  0x00000001140c2b28: ;   {runtime_call handle_exception_from_callee Runtime1 stub}
  0x00000001140c2b28: 56c0 c095 | c1d5 bbd4 | 4de3 250b | 0100 0000 
[Deopt Handler Code]
  0x00000001140c2b38: 1e00 0010 

  0x00000001140c2b3c: ;   {runtime_call DeoptimizationBlob}
  0x00000001140c2b3c: 4150 bd15 
[/MachCode]


Compiled method (c1) 7936 3423   !   3       com.sun.javafx.application.PlatformImpl::lambda$runLater$11 (41 bytes)
 total in heap  [0x00000001140c0c90,0x00000001140c2270] = 5600
 relocation     [0x00000001140c0de0,0x00000001140c0fe0] = 512
 main code      [0x00000001140c1000,0x00000001140c1ab8] = 2744
 stub code      [0x00000001140c1ab8,0x00000001140c1c50] = 408
 oops           [0x00000001140c1c50,0x00000001140c1c80] = 48
 metadata       [0x00000001140c1c80,0x00000001140c1d78] = 248
 scopes data    [0x00000001140c1d78,0x00000001140c1f88] = 528
 scopes pcs     [0x00000001140c1f88,0x00000001140c2158] = 464
 dependencies   [0x00000001140c2158,0x00000001140c2170] = 24
 handler table  [0x00000001140c2170,0x00000001140c2248] = 216
 nul chk table  [0x00000001140c2248,0x00000001140c2270] = 40

[Constant Pool (empty)]

[MachCode]
[Verified Entry Point]
  # {method} {0x000000012a424b28} 'lambda$runLater$11' '(Ljava/lang/Runnable;Ljava/security/AccessControlContext;)V' in 'com/sun/javafx/application/PlatformImpl'
  # parm0:    c_rarg1:c_rarg1 
                        = 'java/lang/Runnable'
  # parm1:    c_rarg2:c_rarg2 
                        = 'java/security/AccessControlContext'
  #           [sp+0xd0]  (sp of caller)
  0x00000001140c1000: 1f20 03d5 | e953 40d1 | 3f01 00f9 | ff43 03d1 | fd7b 0ca9 | 2801 0018 | 8923 40b9 | 1f01 09eb 
  0x00000001140c1020: e000 0054 

  0x00000001140c1024: ;   {runtime_call StubRoutines (final stubs)}
  0x00000001140c1024: 0830 93d2 | 2860 a3f2 | 2800 c0f2 | 0001 3fd6 | 0200 0014 | 0300 0000 | e18b 07a9 

  0x00000001140c1040: ;   {metadata(method data for {method} {0x000000012a424b28} 'lambda$runLater$11' '(Ljava/lang/Runnable;Ljava/security/AccessControlContext;)V' in 'com/sun/javafx/application/PlatformImpl')}
  0x00000001140c1040: 00df 84d2 | 0068 a5f2 | 2000 c0f2 | 03ac 40b9 | 6308 0011 | 03ac 00b9 | 6324 1f12 | 7f00 0071 
  0x00000001140c1060: a044 0054 

  0x00000001140c1064: ;   {metadata(method data for {method} {0x000000012a424b28} 'lambda$runLater$11' '(Ljava/lang/Runnable;Ljava/security/AccessControlContext;)V' in 'com/sun/javafx/application/PlatformImpl')}
  0x00000001140c1064: 00df 84d2 | 0068 a5f2 | 2000 c0f2 | 0020 0491 | e303 01aa | 8300 00b5 | 0904 40f9 | 2901 40b2 
  0x00000001140c1084: 0904 00f9 

  0x00000001140c1088: ;   {metadata(method data for {method} {0x00000ffc00094018} 'linkToTargetMethod' '(Ljava/lang/Object;Ljava/lang/Object;)Ljava/lang/Object;' in 'java/lang/invoke/Invokers$Holder')}
  0x00000001140c1088: 00b3 9cd2 | a046 a5f2 | 2000 c0f2 | 0060 0791 | e303 01aa | 8300 00b5 | 0900 40f9 | 2901 40b2 
  0x00000001140c10a8: 0900 00f9 

  0x00000001140c10ac: ;   {oop(a 'java/lang/invoke/DirectMethodHandle$Constructor'{0x00000004d5847dd8})}
  0x00000001140c10ac: 03bb 8fd2 | 83b0 baf2 | 8300 c0f2 | e403 03aa | 8400 00b5 | 0908 40f9 | 2901 40b2 | 0908 00f9 
  0x00000001140c10cc: ;   {metadata(method data for {method} {0x000000012a424b28} 'lambda$runLater$11' '(Ljava/lang/Runnable;Ljava/security/AccessControlContext;)V' in 'com/sun/javafx/application/PlatformImpl')}
  0x00000001140c10cc: 00df 84d2 | 0068 a5f2 | 2000 c0f2 | 087c 40f9 | 0805 0091 | 087c 00f9 

  0x00000001140c10e4: ;   {metadata(method data for {method} {0x00000ffc00094018} 'linkToTargetMethod' '(Ljava/lang/Object;Ljava/lang/Object;)Ljava/lang/Object;' in 'java/lang/invoke/Invokers$Holder')}
  0x00000001140c10e4: 00b3 9cd2 | a046 a5f2 | 2000 c0f2 | 04ac 40b9 | 8408 0011 | 04ac 00b9 | 844c 1f12 | 9f00 0071 
  0x00000001140c1104: 8040 0054 

  0x00000001140c1108: ;   {metadata(method data for {method} {0x00000ffc00094018} 'linkToTargetMethod' '(Ljava/lang/Object;Ljava/lang/Object;)Ljava/lang/Object;' in 'java/lang/invoke/Invokers$Holder')}
  0x00000001140c1108: 00b3 9cd2 | a046 a5f2 | 2000 c0f2 | 0060 0591 | e403 01aa | 8400 00b5 | 0904 40f9 | 2901 40b2 
  0x00000001140c1128: 0904 00f9 

  0x00000001140c112c: ;   {metadata(method data for {method} {0x00000ffc00099f30} 'newInvokeSpecial' '(Ljava/lang/Object;Ljava/lang/Object;)Ljava/lang/Object;' in 'java/lang/invoke/DirectMethodHandle$Holder')}
  0x00000001140c112c: 007c 95d2 | a057 a5f2 | 2000 c0f2 | 0080 0891 | e403 03aa | 8400 00b5 | 0900 40f9 | 2901 40b2 
  0x00000001140c114c: 0900 00f9 

  0x00000001140c1150: ;   {metadata(method data for {method} {0x00000ffc00094018} 'linkToTargetMethod' '(Ljava/lang/Object;Ljava/lang/Object;)Ljava/lang/Object;' in 'java/lang/invoke/Invokers$Holder')}
  0x00000001140c1150: 00b3 9cd2 | a046 a5f2 | 2000 c0f2 | 0894 40f9 | 0805 0091 | 0894 00f9 

  0x00000001140c1168: ;   {metadata(method data for {method} {0x00000ffc00099f30} 'newInvokeSpecial' '(Ljava/lang/Object;Ljava/lang/Object;)Ljava/lang/Object;' in 'java/lang/invoke/DirectMethodHandle$Holder')}
  0x00000001140c1168: 007c 95d2 | a057 a5f2 | 2000 c0f2 | 04ac 40b9 | 8408 0011 | 04ac 00b9 | 844c 1f12 | 9f00 0071 
  0x00000001140c1188: 603d 0054 

  0x00000001140c118c: ;   {metadata(method data for {method} {0x00000ffc00099f30} 'newInvokeSpecial' '(Ljava/lang/Object;Ljava/lang/Object;)Ljava/lang/Object;' in 'java/lang/invoke/DirectMethodHandle$Holder')}
  0x00000001140c118c: 007c 95d2 | a057 a5f2 | 2000 c0f2 | 0020 0491 | e403 03aa | 8400 00b5 | 0904 40f9 | 2901 40b2 
  0x00000001140c11ac: 0904 00f9 

  0x00000001140c11b0: ;   {metadata(method data for {method} {0x00000ffc00099f30} 'newInvokeSpecial' '(Ljava/lang/Object;Ljava/lang/Object;)Ljava/lang/Object;' in 'java/lang/invoke/DirectMethodHandle$Holder')}
  0x00000001140c11b0: 007c 95d2 | a057 a5f2 | 2000 c0f2 | 087c 40f9 | 0805 0091 | 087c 00f9 

  0x00000001140c11c8: ;   {metadata(method data for {method} {0x00000ffc00087f38} 'allocateInstance' '(Ljava/lang/Object;)Ljava/lang/Object;' in 'java/lang/invoke/DirectMethodHandle')}
  0x00000001140c11c8: 0037 99d2 | 4043 a5f2 | 2000 c0f2 | 04ac 40b9 | 8408 0011 | 04ac 00b9 | 844c 1f12 | 9f00 0071 
  0x00000001140c11e8: 603b 0054 

  0x00000001140c11ec: ;   {oop(a 'jdk/internal/misc/Unsafe'{0x00000004d50000c8})}
  0x00000001140c11ec: 0019 80d2 | 00a0 baf2 | 8000 c0f2 | e403 00aa 

  0x00000001140c11fc: ;   {metadata(method data for {method} {0x00000ffc00087f38} 'allocateInstance' '(Ljava/lang/Object;)Ljava/lang/Object;' in 'java/lang/invoke/DirectMethodHandle')}
  0x00000001140c11fc: 0537 99d2 | 4543 a5f2 | 2500 c0f2 | a894 40f9 | 0805 0091 | a894 00f9 

  0x00000001140c1214: ;   {oop(a 'java/lang/Class'{0x00000004d5847e08} = 'com/sun/javafx/application/PlatformImpl$$Lambda+0x00000ffc01097018')}
  0x00000001140c1214: 02c1 8fd2 | 82b0 baf2 | 8200 c0f2 | e103 00aa | e33b 00f9 

  0x00000001140c1228: ; ImmutableOopMap {[112]=Oop [120]=Oop [128]=Oop }
                      ;*invokevirtual allocateInstance {reexecute=0 rethrow=0 return_oop=0}
                      ; - java.lang.invoke.DirectMethodHandle::allocateInstance@12 (line 500)
                      ; - java.lang.invoke.DirectMethodHandle$Holder::newInvokeSpecial@1
                      ; - java.lang.invoke.Invokers$Holder::linkToTargetMethod@5
                      ; - com.sun.javafx.application.PlatformImpl::lambda$runLater$11@1 (line 455)
                      ;   {optimized virtual_call}
  0x00000001140c1228: 2a6e d395 

  0x00000001140c122c: ;   {other}
  0x00000001140c122c: 1f20 03d5 | 9fb3 80f2 | 1f00 80f2 | e047 00f9 

  0x00000001140c123c: ;   {metadata(method data for {method} {0x00000ffc00099f30} 'newInvokeSpecial' '(Ljava/lang/Object;Ljava/lang/Object;)Ljava/lang/Object;' in 'java/lang/invoke/DirectMethodHandle$Holder')}
  0x00000001140c123c: 017c 95d2 | a157 a5f2 | 2100 c0f2 | 2160 0491 | e203 00aa | 8200 00b5 | 2900 40f9 | 2901 40b2 
  0x00000001140c125c: 2900 00f9 

  0x00000001140c1260: ;   {metadata(method data for {method} {0x00000ffc00099f30} 'newInvokeSpecial' '(Ljava/lang/Object;Ljava/lang/Object;)Ljava/lang/Object;' in 'java/lang/invoke/DirectMethodHandle$Holder')}
  0x00000001140c1260: 017c 95d2 | a157 a5f2 | 2100 c0f2 | 21e0 0491 | e33b 40f9 | e203 03aa | 8200 00b5 | 2904 40f9 
  0x00000001140c1280: 2901 40b2 | 2904 00f9 

  0x00000001140c1288: ;   {metadata(method data for {method} {0x00000ffc00099f30} 'newInvokeSpecial' '(Ljava/lang/Object;Ljava/lang/Object;)Ljava/lang/Object;' in 'java/lang/invoke/DirectMethodHandle$Holder')}
  0x00000001140c1288: 017c 95d2 | a157 a5f2 | 2100 c0f2 | 2894 40f9 | 0805 0091 | 2894 00f9 

  0x00000001140c12a0: ;   {metadata(method data for {method} {0x00000ffc000889e0} 'constructorMethod' '(Ljava/lang/Object;)Ljava/lang/Object;' in 'java/lang/invoke/DirectMethodHandle')}
  0x00000001140c12a0: 01d4 99d2 | 4143 a5f2 | 2100 c0f2 | 22ac 40b9 | 4208 0011 | 22ac 00b9 | 424c 1f12 | 5f00 0071 
  0x00000001140c12c0: a035 0054 

  0x00000001140c12c4: ;   {metadata(method data for {method} {0x00000ffc00099f30} 'newInvokeSpecial' '(Ljava/lang/Object;Ljava/lang/Object;)Ljava/lang/Object;' in 'java/lang/invoke/DirectMethodHandle$Holder')}
  0x00000001140c12c4: 017c 95d2 | a157 a5f2 | 2100 c0f2 | 2120 0591 

  0x00000001140c12d4: ;   {oop(a 'java/lang/invoke/MemberName'{0x00000004d5847e78} = {method} {0x000000012a5ca4f8} '<init>' '(Ljava/lang/Runnable;)V' in 'com/sun/javafx/application/PlatformImpl$$Lambda+0x00000ffc01097018')}
  0x00000001140c12d4: 02cf 8fd2 | 82b0 baf2 | 8200 c0f2 | 8200 00b5 | 2900 40f9 | 2901 40b2 | 2900 00f9 

  0x00000001140c12f0: ; implicit exception: dispatches to 0x00000001140c1994
  0x00000001140c12f0: 1f00 40f9 | e103 00aa 

  0x00000001140c12f8: ;   {metadata(method data for {method} {0x00000ffc00099f30} 'newInvokeSpecial' '(Ljava/lang/Object;Ljava/lang/Object;)Ljava/lang/Object;' in 'java/lang/invoke/DirectMethodHandle$Holder')}
  0x00000001140c12f8: 027c 95d2 | a257 a5f2 | 2200 c0f2 | 48c4 40f9 | 0805 0091 | 48c4 00f9 

  0x00000001140c1310: ;   {metadata(method data for {method} {0x000000012a5ca4f8} '<init>' '(Ljava/lang/Runnable;)V' in 'com/sun/javafx/application/PlatformImpl$$Lambda+0x00000ffc01097018')}
  0x00000001140c1310: 01f8 91d2 | 8168 a5f2 | 2100 c0f2 | 22ac 40b9 | 4208 0011 | 22ac 00b9 | 424c 1f12 | 5f00 0071 
  0x00000001140c1330: 4033 0054 | e103 00aa 

  0x00000001140c1338: ;   {metadata(method data for {method} {0x000000012a5ca4f8} '<init>' '(Ljava/lang/Runnable;)V' in 'com/sun/javafx/application/PlatformImpl$$Lambda+0x00000ffc01097018')}
  0x00000001140c1338: 02f8 91d2 | 8268 a5f2 | 2200 c0f2 | 487c 40f9 | 0805 0091 | 487c 00f9 

  0x00000001140c1350: ;   {metadata(method data for {method} {0x00000ffc00439210} '<init>' '()V' in 'java/lang/Object')}
  0x00000001140c1350: 0122 92d2 | 0140 a5f2 | 2100 c0f2 | 22ac 40b9 | 4208 0011 | 22ac 00b9 | 424c 1f12 | 5f00 0071 
  0x00000001140c1370: 4032 0054 | 81e3 4039 | 3f00 0071 | e132 0054 | e13f 40f9 | 28fc 43d3 | 080c 00b9 | 0200 01ca 
  0x00000001140c1390: 42fc 55d3 | 5f00 00f1 | c132 0054 | bf3a 03d5 

  0x00000001140c13a0: ;   {metadata(method data for {method} {0x00000ffc00094018} 'linkToTargetMethod' '(Ljava/lang/Object;Ljava/lang/Object;)Ljava/lang/Object;' in 'java/lang/invoke/Invokers$Holder')}
  0x00000001140c13a0: 02b3 9cd2 | a246 a5f2 | 2200 c0f2 | 42a0 0591 | e303 00aa | 8300 00b5 | 4900 40f9 | 2901 40b2 
  0x00000001140c13c0: 4900 00f9 

  0x00000001140c13c4: ;   {metadata(method data for {method} {0x000000012a424b28} 'lambda$runLater$11' '(Ljava/lang/Runnable;Ljava/security/AccessControlContext;)V' in 'com/sun/javafx/application/PlatformImpl')}
  0x00000001140c13c4: 02df 84d2 | 0268 a5f2 | 2200 c0f2 | 4260 0491 | e303 00aa | a300 00b5 | 4900 40f9 | 2901 40b2 
  0x00000001140c13e4: 4900 00f9 | 0b00 0014 | 6308 40b9 | 6324 5ed2 | 4900 40f9 | 6300 09ca | 68f4 7e92 | a800 00b4 
  0x00000001140c1404: 8300 0837 | 4900 40f9 | 2901 7fb2 | 4900 00f9 

  0x00000001140c1414: ;   {metadata(method data for {method} {0x000000012a424b28} 'lambda$runLater$11' '(Ljava/lang/Runnable;Ljava/security/AccessControlContext;)V' in 'com/sun/javafx/application/PlatformImpl')}
  0x00000001140c1414: 02df 84d2 | 0268 a5f2 | 2200 c0f2 | 4894 40f9 | 0805 0091 | 4894 00f9 

  0x00000001140c142c: ;   {metadata(method data for {method} {0x00000ffc00435498} 'doPrivileged' '(Ljava/security/PrivilegedAction;Ljava/security/AccessControlContext;)Ljava/lang/Object;' in 'java/security/AccessController')}
  0x00000001140c142c: 028b 9dd2 | 6266 a5f2 | 2200 c0f2 | 43ac 40b9 | 6308 0011 | 43ac 00b9 | 634c 1f12 | 7f00 0071 
  0x00000001140c144c: a02d 0054 

  0x00000001140c1450: ;   {metadata(method data for {method} {0x00000ffc00435498} 'doPrivileged' '(Ljava/security/PrivilegedAction;Ljava/security/AccessControlContext;)Ljava/lang/Object;' in 'java/security/AccessController')}
  0x00000001140c1450: 028b 9dd2 | 6266 a5f2 | 2200 c0f2 | 487c 40f9 | 0805 0091 | 487c 00f9 

  0x00000001140c1468: ; ImmutableOopMap {[120]=Oop [128]=Oop [136]=Oop }
                      ;*invokestatic getCallerClass {reexecute=0 rethrow=0 return_oop=0}
                      ; - java.security.AccessController::doPrivileged@0 (line 398)
                      ; - com.sun.javafx.application.PlatformImpl::lambda$runLater$11@7 (line 455)
                      ;   {static_call}
  0x00000001140c1468: 3a33 d495 

  0x00000001140c146c: ;   {other}
  0x00000001140c146c: 1f20 03d5 | 9ffb 80f2 | 1f20 80f2 | e04b 00f9 

  0x00000001140c147c: ;   {metadata(method data for {method} {0x00000ffc00435498} 'doPrivileged' '(Ljava/security/PrivilegedAction;Ljava/security/AccessControlContext;)Ljava/lang/Object;' in 'java/security/AccessController')}
  0x00000001140c147c: 018b 9dd2 | 6166 a5f2 | 2100 c0f2 | 2884 40f9 | 0805 0091 | 2884 00f9 | e143 40f9 | e203 00aa 
  0x00000001140c149c: ; ImmutableOopMap {[120]=Oop [128]=Oop [136]=Oop [144]=Oop }
                      ;*invokestatic checkContext {reexecute=0 rethrow=0 return_oop=0}
                      ; - java.security.AccessController::doPrivileged@6 (line 399)
                      ; - com.sun.javafx.application.PlatformImpl::lambda$runLater$11@7 (line 455)
                      ;   {static_call}
  0x00000001140c149c: 6931 fd97 

  0x00000001140c14a0: ;   {other}
  0x00000001140c14a0: 1f20 03d5 | 1f02 81f2 | 1f40 80f2 | e04f 00f9 

  0x00000001140c14b0: ;   {metadata(method data for {method} {0x00000ffc00435498} 'doPrivileged' '(Ljava/security/PrivilegedAction;Ljava/security/AccessControlContext;)Ljava/lang/Object;' in 'java/security/AccessController')}
  0x00000001140c14b0: 018b 9dd2 | 6166 a5f2 | 2100 c0f2 | 288c 40f9 | 0805 0091 | 288c 00f9 

  0x00000001140c14c8: ;   {metadata(method data for {method} {0x00000ffc00435720} 'executePrivileged' '(Ljava/security/PrivilegedAction;Ljava/security/AccessControlContext;Ljava/lang/Class;)Ljava/lang/Object;' in 'java/security/AccessController')}
  0x00000001140c14c8: 012a 83d2 | 2141 a5f2 | 2100 c0f2 | 22ac 40b9 | 4208 0011 | 22ac 00b9 | 424c 1f12 | 5f00 0071 
  0x00000001140c14e8: c029 0054 | e103 1faa | 1f00 01eb 

  0x00000001140c14f4: ;   {metadata(method data for {method} {0x00000ffc00435720} 'executePrivileged' '(Ljava/security/PrivilegedAction;Ljava/security/AccessControlContext;Ljava/lang/Class;)Ljava/lang/Object;' in 'java/security/AccessController')}
  0x00000001140c14f4: 012a 83d2 | 2141 a5f2 | 2100 c0f2 | e813 7db2 | 0921 80d2 | 0201 899a | 2368 62f8 | 6304 0091 
  0x00000001140c1514: 2368 22f8 | 8001 0054 

  0x00000001140c151c: ;   {metadata(method data for {method} {0x00000ffc00435720} 'executePrivileged' '(Ljava/security/PrivilegedAction;Ljava/security/AccessControlContext;Ljava/lang/Class;)Ljava/lang/Object;' in 'java/security/AccessController')}
  0x00000001140c151c: 012a 83d2 | 2141 a5f2 | 2100 c0f2 | 288c 40f9 | 0805 0091 | 288c 00f9 | e103 00aa 

  0x00000001140c1538: ; ImmutableOopMap {[120]=Oop [128]=Oop [136]=Oop [144]=Oop [152]=Oop }
                      ;*invokestatic ensureMaterializedForStackWalk {reexecute=0 rethrow=0 return_oop=0}
                      ; - java.security.AccessController::executePrivileged@5 (line 774)
                      ; - java.security.AccessController::doPrivileged@13 (line 400)
                      ; - com.sun.javafx.application.PlatformImpl::lambda$runLater$11@7 (line 455)
                      ;   {static_call}
  0x00000001140c1538: c64a d495 

  0x00000001140c153c: ;   {other}
  0x00000001140c153c: 1f20 03d5 | 9f15 81f2 | 1f60 80f2 

  0x00000001140c1548: ;   {metadata(method data for {method} {0x00000ffc00435720} 'executePrivileged' '(Ljava/security/PrivilegedAction;Ljava/security/AccessControlContext;Ljava/lang/Class;)Ljava/lang/Object;' in 'java/security/AccessController')}
  0x00000001140c1548: 012a 83d2 | 2141 a5f2 | 2100 c0f2 | 2094 40f9 | 0004 0091 | 2094 00f9 | e047 40f9 

  0x00000001140c1564: ; implicit exception: dispatches to 0x00000001140c1a40
  0x00000001140c1564: 1f00 40f9 | e103 00aa 

  0x00000001140c156c: ;   {metadata(method data for {method} {0x00000ffc00435720} 'executePrivileged' '(Ljava/security/PrivilegedAction;Ljava/security/AccessControlContext;Ljava/lang/Class;)Ljava/lang/Object;' in 'java/security/AccessController')}
  0x00000001140c156c: 022a 83d2 | 2241 a5f2 | 2200 c0f2 | 2108 40b9 | 2124 5ed2 | 4940 0691 | 2801 40f9 | 3f00 08eb 
  0x00000001140c158c: a100 0054 | 48cc 40f9 | 0805 0091 | 48cc 00f9 | 1c00 0014 | 4980 0691 | 2801 40f9 | 3f00 08eb 
  0x00000001140c15ac: a100 0054 | 48d4 40f9 | 0805 0091 | 48d4 00f9 | 1400 0014 | 4940 0691 | 2801 40f9 | c800 00b5 
  0x00000001140c15cc: 2101 00f9 | e803 40b2 | 4960 0691 | 2801 00f9 | 0c00 0014 | 4980 0691 | 2801 40f9 | c800 00b5 
  0x00000001140c15ec: 2101 00f9 | e803 40b2 | 49a0 0691 | 2801 00f9 | 0400 0014 | 48c4 40f9 | 0805 0091 | 48c4 00f9 
  0x00000001140c160c: e103 00aa | 0903 8ed2 | 2921 a0f2 | 89ff c1f2 

  0x00000001140c161c: ; ImmutableOopMap {[120]=Oop [128]=Oop [136]=Oop [144]=Oop [152]=Oop }
                      ;*invokeinterface run {reexecute=0 rethrow=0 return_oop=0}
                      ; - java.security.AccessController::executePrivileged@29 (line 778)
                      ; - java.security.AccessController::doPrivileged@13 (line 400)
                      ; - com.sun.javafx.application.PlatformImpl::lambda$runLater$11@7 (line 455)
                      ;   {virtual_call}
  0x00000001140c161c: a904 0094 

  0x00000001140c1620: ;   {other}
  0x00000001140c1620: 1f20 03d5 | 1f32 81f2 | 1f80 80f2 

  0x00000001140c162c: ;   {metadata(method data for {method} {0x00000ffc00435720} 'executePrivileged' '(Ljava/security/PrivilegedAction;Ljava/security/AccessControlContext;Ljava/lang/Class;)Ljava/lang/Object;' in 'java/security/AccessController')}
  0x00000001140c162c: 012a 83d2 | 2141 a5f2 | 2100 c0f2 | 22dc 40f9 | 4204 0091 | 22dc 00f9 

  0x00000001140c1644: ;   {metadata(method data for {method} {0x00000ffc00435720} 'executePrivileged' '(Ljava/security/PrivilegedAction;Ljava/security/AccessControlContext;Ljava/lang/Class;)Ljava/lang/Object;' in 'java/security/AccessController')}
  0x00000001140c1644: 012a 83d2 | 2141 a5f2 | 2100 c0f2 | 280c 41f9 | 0805 0091 | 280c 01f9 | e103 00aa | e053 00f9 
  0x00000001140c1664: ; ImmutableOopMap {[120]=Oop [128]=Oop [136]=Oop [144]=Oop [152]=Oop [160]=Oop }
                      ;*invokestatic ensureMaterializedForStackWalk {reexecute=0 rethrow=0 return_oop=0}
                      ; - java.security.AccessController::executePrivileged@56 (line 786)
                      ; - java.security.AccessController::doPrivileged@13 (line 400)
                      ; - com.sun.javafx.application.PlatformImpl::lambda$runLater$11@7 (line 455)
                      ;   {static_call}
  0x00000001140c1664: 7b4a d495 

  0x00000001140c1668: ;   {other}
  0x00000001140c1668: 1f20 03d5 | 1f3b 81f2 | 1fa0 80f2 

  0x00000001140c1674: ;   {metadata(method data for {method} {0x00000ffc00435720} 'executePrivileged' '(Ljava/security/PrivilegedAction;Ljava/security/AccessControlContext;Ljava/lang/Class;)Ljava/lang/Object;' in 'java/security/AccessController')}
  0x00000001140c1674: 012a 83d2 | 2141 a5f2 | 2100 c0f2 | 2814 41f9 | 0805 0091 | 2814 01f9 

  0x00000001140c168c: ;   {metadata(method data for {method} {0x00000ffc00037fc8} 'reachabilityFence' '(Ljava/lang/Object;)V' in 'java/lang/ref/Reference')}
  0x00000001140c168c: 01f4 83d2 | 2141 a5f2 | 2100 c0f2 | 20ac 40b9 | 0008 0011 | 20ac 00b9 | 004c 1f12 | 1f00 0071 
  0x00000001140c16ac: c01c 0054 

  0x00000001140c16b0: ;   {metadata(method data for {method} {0x00000ffc00435720} 'executePrivileged' '(Ljava/security/PrivilegedAction;Ljava/security/AccessControlContext;Ljava/lang/Class;)Ljava/lang/Object;' in 'java/security/AccessController')}
  0x00000001140c16b0: 012a 83d2 | 2141 a5f2 | 2100 c0f2 | 281c 41f9 | 0805 0091 | 281c 01f9 

  0x00000001140c16c8: ;   {metadata(method data for {method} {0x00000ffc00037fc8} 'reachabilityFence' '(Ljava/lang/Object;)V' in 'java/lang/ref/Reference')}
  0x00000001140c16c8: 01f4 83d2 | 2141 a5f2 | 2100 c0f2 | 20ac 40b9 | 0008 0011 | 20ac 00b9 | 004c 1f12 | 1f00 0071 
  0x00000001140c16e8: e01b 0054 | e053 40f9 

  0x00000001140c16f0: ;   {metadata(method data for {method} {0x000000012a424b28} 'lambda$runLater$11' '(Ljava/lang/Runnable;Ljava/security/AccessControlContext;)V' in 'com/sun/javafx/application/PlatformImpl')}
  0x00000001140c16f0: 03df 84d2 | 0368 a5f2 | 2300 c0f2 | a000 00b5 | 68c4 4439 | 0801 40b2 | 68c4 0439 | 2e00 0014 
  0x00000001140c1710: 0208 40b9 | 4224 5ed2 | 6900 0591 | 2801 40f9 | 5f00 08eb | a100 0054 | 68a4 40f9 | 0805 0091 
  0x00000001140c1730: 68a4 00f9 | 1c00 0014 | 6940 0591 | 2801 40f9 | 5f00 08eb | a100 0054 | 68ac 40f9 | 0805 0091 
  0x00000001140c1750: 68ac 00f9 | 1400 0014 | 6900 0591 | 2801 40f9 | c800 00b5 | 2201 00f9 | e803 40b2 | 6920 0591 
  0x00000001140c1770: 2801 00f9 | 0c00 0014 | 6940 0591 | 2801 40f9 | c800 00b5 | 2201 00f9 | e803 40b2 | 6960 0591 
  0x00000001140c1790: 2801 00f9 | 0400 0014 | 689c 40f9 | 0805 0091 | 689c 00f9 

  0x00000001140c17a4: ;   {metadata('java/lang/Void')}
  0x00000001140c17a4: 026c 93d2 | e200 a0f2 | 82ff c1f2 | 0808 40b9 | 0825 5ed2 | 1f01 02eb | 4116 0054 | 0100 0014 
  0x00000001140c17c4: e057 00f9 

  0x00000001140c17c8: ;   {oop(a 'java/lang/Class'{0x00000004d5458d30} = 'com/sun/javafx/application/PlatformImpl')}
  0x00000001140c17c8: 01a6 91d2 | a1a8 baf2 | 8100 c0f2 | 2188 40b9 | 21f0 7dd3 

  0x00000001140c17dc: ; implicit exception: dispatches to 0x00000001140c1a8c
  0x00000001140c17dc: 3f00 40f9 | e203 01aa 

  0x00000001140c17e4: ;   {metadata(method data for {method} {0x000000012a424b28} 'lambda$runLater$11' '(Ljava/lang/Runnable;Ljava/security/AccessControlContext;)V' in 'com/sun/javafx/application/PlatformImpl')}
  0x00000001140c17e4: 03df 84d2 | 0368 a5f2 | 2300 c0f2 | 68b4 40f9 | 0805 0091 | 68b4 00f9 

  0x00000001140c17fc: ; ImmutableOopMap {[120]=Oop [128]=Oop [168]=Oop }
                      ;*invokevirtual decrementAndGet {reexecute=0 rethrow=0 return_oop=0}
                      ; - com.sun.javafx.application.PlatformImpl::lambda$runLater$11@17 (line 460)
                      ;   {optimized virtual_call}
  0x00000001140c17fc: f146 0194 

  0x00000001140c1800: ;   {other}
  0x00000001140c1800: 1f20 03d5 | 1f6e 81f2 | 1fc0 80f2 

  0x00000001140c180c: ;   {metadata(method data for {method} {0x000000012a424b28} 'lambda$runLater$11' '(Ljava/lang/Runnable;Ljava/security/AccessControlContext;)V' in 'com/sun/javafx/application/PlatformImpl')}
  0x00000001140c180c: 00df 84d2 | 0068 a5f2 | 2000 c0f2 | 08cc 40f9 | 0805 0091 | 08cc 00f9 

  0x00000001140c1824: ; ImmutableOopMap {[120]=Oop [128]=Oop [168]=Oop }
                      ;*invokestatic checkIdle {reexecute=0 rethrow=0 return_oop=0}
                      ; - com.sun.javafx.application.PlatformImpl::lambda$runLater$11@21 (line 461)
                      ;   {static_call}
  0x00000001140c1824: e74b fb97 

  0x00000001140c1828: ;   {other}
  0x00000001140c1828: 1f20 03d5 | 1f73 81f2 | 1fe0 80f2 

  0x00000001140c1834: ;   {metadata(method data for {method} {0x000000012a424b28} 'lambda$runLater$11' '(Ljava/lang/Runnable;Ljava/security/AccessControlContext;)V' in 'com/sun/javafx/application/PlatformImpl')}
  0x00000001140c1834: 00df 84d2 | 0068 a5f2 | 2000 c0f2 | 01d4 40f9 | 2104 0091 | 01d4 00f9 | fd7b 4ca9 | ff43 0391 
  0x00000001140c1854: ;   {poll_return}
  0x00000001140c1854: 882f 42f9 | ff63 28eb | a811 0054 | c003 5fd6 | 8087 42f9 | 9f87 02f9 | 9f8b 02f9 

  0x00000001140c1870: ;   {oop(a 'java/lang/Class'{0x00000004d5458d30} = 'com/sun/javafx/application/PlatformImpl')}
  0x00000001140c1870: 03a6 91d2 | a3a8 baf2 | 8300 c0f2 | 6388 40b9 | 63f0 7dd3 

  0x00000001140c1884: ; implicit exception: dispatches to 0x00000001140c1a9c
  0x00000001140c1884: 7f00 40f9 | e403 03aa 

  0x00000001140c188c: ;   {metadata(method data for {method} {0x000000012a424b28} 'lambda$runLater$11' '(Ljava/lang/Runnable;Ljava/security/AccessControlContext;)V' in 'com/sun/javafx/application/PlatformImpl')}
  0x00000001140c188c: 05df 84d2 | 0568 a5f2 | 2500 c0f2 | a8e0 40f9 | 0805 0091 | a8e0 00f9 | e103 03aa | e05b 00f9 
  0x00000001140c18ac: ; ImmutableOopMap {[120]=Oop [128]=Oop [176]=Oop }
                      ;*invokevirtual decrementAndGet {reexecute=0 rethrow=0 return_oop=0}
                      ; - com.sun.javafx.application.PlatformImpl::lambda$runLater$11@31 (line 460)
                      ;   {optimized virtual_call}
  0x00000001140c18ac: 353a bd95 

  0x00000001140c18b0: ;   {other}
  0x00000001140c18b0: 1f20 03d5 | 1f84 81f2 | 1f00 81f2 

  0x00000001140c18bc: ;   {metadata(method data for {method} {0x000000012a424b28} 'lambda$runLater$11' '(Ljava/lang/Runnable;Ljava/security/AccessControlContext;)V' in 'com/sun/javafx/application/PlatformImpl')}
  0x00000001140c18bc: 00df 84d2 | 0068 a5f2 | 2000 c0f2 | 08f8 40f9 | 0805 0091 | 08f8 00f9 

  0x00000001140c18d4: ; ImmutableOopMap {[120]=Oop [128]=Oop [176]=Oop }
                      ;*invokestatic checkIdle {reexecute=0 rethrow=0 return_oop=0}
                      ; - com.sun.javafx.application.PlatformImpl::lambda$runLater$11@35 (line 461)
                      ;   {static_call}
  0x00000001140c18d4: ab3b bd95 

  0x00000001140c18d8: ;   {other}
  0x00000001140c18d8: 1f20 03d5 | 1f89 81f2 | 1f20 81f2 

  0x00000001140c18e4: ; ImmutableOopMap {c_rarg0=Oop [120]=Oop [128]=Oop [176]=Oop }
                      ;*athrow {reexecute=1 rethrow=0 return_oop=0}
                      ; - (reexecute) com.sun.javafx.application.PlatformImpl::lambda$runLater$11@39 (line 462)
  0x00000001140c18e4: e05b 40f9 

  0x00000001140c18e8: ;   {section_word}
  0x00000001140c18e8: 0300 0010 

  0x00000001140c18ec: ;   {runtime_call handle_exception_nofpu Runtime1 stub}
  0x00000001140c18ec: 65c3 c095 | 1f20 03d5 

  0x00000001140c18f4: ;   {metadata({method} {0x000000012a424b28} 'lambda$runLater$11' '(Ljava/lang/Runnable;Ljava/security/AccessControlContext;)V' in 'com/sun/javafx/application/PlatformImpl')}
  0x00000001140c18f4: 0865 89d2 | 4848 a5f2 | 2800 c0f2 | e807 00f9 | 0800 8092 | e803 00f9 

  0x00000001140c190c: ; ImmutableOopMap {c_rarg1=Oop c_rarg2=Oop [120]=Oop [128]=Oop }
                      ;*synchronization entry
                      ; - com.sun.javafx.application.PlatformImpl::lambda$runLater$11@-1 (line 455)
                      ;   {runtime_call counter_overflow Runtime1 stub}
  0x00000001140c190c: fdd0 c095 | d5fd ff17 

  0x00000001140c1914: ;   {metadata({method} {0x00000ffc00094018} 'linkToTargetMethod' '(Ljava/lang/Object;Ljava/lang/Object;)Ljava/lang/Object;' in 'java/lang/invoke/Invokers$Holder')}
  0x00000001140c1914: 0803 88d2 | 2801 a0f2 | 88ff c1f2 | e807 00f9 | 0800 8092 | e803 00f9 

  0x00000001140c192c: ; ImmutableOopMap {c_rarg1=Oop c_rarg3=Oop [120]=Oop [128]=Oop }
                      ;*synchronization entry
                      ; - java.lang.invoke.Invokers$Holder::linkToTargetMethod@-1
                      ; - com.sun.javafx.application.PlatformImpl::lambda$runLater$11@1 (line 455)
                      ;   {runtime_call counter_overflow Runtime1 stub}
  0x00000001140c192c: f5d0 c095 | f6fd ff17 

  0x00000001140c1934: ;   {metadata({method} {0x00000ffc00099f30} 'newInvokeSpecial' '(Ljava/lang/Object;Ljava/lang/Object;)Ljava/lang/Object;' in 'java/lang/invoke/DirectMethodHandle$Holder')}
  0x00000001140c1934: 08e6 93d2 | 2801 a0f2 | 88ff c1f2 | e807 00f9 | 0800 8092 | e803 00f9 

  0x00000001140c194c: ; ImmutableOopMap {c_rarg1=Oop c_rarg3=Oop [120]=Oop [128]=Oop }
                      ;*synchronization entry
                      ; - java.lang.invoke.DirectMethodHandle$Holder::newInvokeSpecial@-1
                      ; - java.lang.invoke.Invokers$Holder::linkToTargetMethod@5
                      ; - com.sun.javafx.application.PlatformImpl::lambda$runLater$11@1 (line 455)
                      ;   {runtime_call counter_overflow Runtime1 stub}
  0x00000001140c194c: edd0 c095 | 0ffe ff17 

  0x00000001140c1954: ;   {metadata({method} {0x00000ffc00087f38} 'allocateInstance' '(Ljava/lang/Object;)Ljava/lang/Object;' in 'java/lang/invoke/DirectMethodHandle')}
  0x00000001140c1954: 08e7 8fd2 | 0801 a0f2 | 88ff c1f2 | e807 00f9 | 0800 8092 | e803 00f9 

  0x00000001140c196c: ; ImmutableOopMap {c_rarg1=Oop c_rarg3=Oop [120]=Oop [128]=Oop }
                      ;*synchronization entry
                      ; - java.lang.invoke.DirectMethodHandle::allocateInstance@-1 (line 499)
                      ; - java.lang.invoke.DirectMethodHandle$Holder::newInvokeSpecial@1
                      ; - java.lang.invoke.Invokers$Holder::linkToTargetMethod@5
                      ; - com.sun.javafx.application.PlatformImpl::lambda$runLater$11@1 (line 455)
                      ;   {runtime_call counter_overflow Runtime1 stub}
  0x00000001140c196c: e5d0 c095 | 1ffe ff17 

  0x00000001140c1974: ;   {metadata({method} {0x00000ffc000889e0} 'constructorMethod' '(Ljava/lang/Object;)Ljava/lang/Object;' in 'java/lang/invoke/DirectMethodHandle')}
  0x00000001140c1974: 083c 91d2 | 0801 a0f2 | 88ff c1f2 | e807 00f9 | 0800 8092 | e803 00f9 

  0x00000001140c198c: ; ImmutableOopMap {c_rarg0=Oop [120]=Oop [128]=Oop [136]=Oop }
                      ;*synchronization entry
                      ; - java.lang.invoke.DirectMethodHandle::constructorMethod@-1 (line 493)
                      ; - java.lang.invoke.DirectMethodHandle$Holder::newInvokeSpecial@6
                      ; - java.lang.invoke.Invokers$Holder::linkToTargetMethod@5
                      ; - com.sun.javafx.application.PlatformImpl::lambda$runLater$11@1 (line 455)
                      ;   {runtime_call counter_overflow Runtime1 stub}
  0x00000001140c198c: ddd0 c095 | 4dfe ff17 

  0x00000001140c1994: ; ImmutableOopMap {c_rarg0=Oop [120]=Oop [128]=Oop [136]=Oop }
                      ;*invokestatic linkToSpecial {reexecute=0 rethrow=0 return_oop=0}
                      ; - java.lang.invoke.DirectMethodHandle$Holder::newInvokeSpecial@16
                      ; - java.lang.invoke.Invokers$Holder::linkToTargetMethod@5
                      ; - com.sun.javafx.application.PlatformImpl::lambda$runLater$11@1 (line 455)
                      ;   {runtime_call throw_null_pointer_exception Runtime1 stub}
  0x00000001140c1994: 3bbd c095 

  0x00000001140c1998: ;   {metadata({method} {0x000000012a5ca4f8} '<init>' '(Ljava/lang/Runnable;)V' in 'com/sun/javafx/application/PlatformImpl$$Lambda+0x00000ffc01097018')}
  0x00000001140c1998: 089f 94d2 | 884b a5f2 | 2800 c0f2 | e807 00f9 | 0800 8092 | e803 00f9 

  0x00000001140c19b0: ; ImmutableOopMap {c_rarg0=Oop [120]=Oop [128]=Oop [136]=Oop }
                      ;*synchronization entry
                      ; - com.sun.javafx.application.PlatformImpl$$Lambda/0x00000ffc01097018::<init>@-1
                      ; - java.lang.invoke.DirectMethodHandle$Holder::newInvokeSpecial@16
                      ; - java.lang.invoke.Invokers$Holder::linkToTargetMethod@5
                      ; - com.sun.javafx.application.PlatformImpl::lambda$runLater$11@1 (line 455)
                      ;   {runtime_call counter_overflow Runtime1 stub}
  0x00000001140c19b0: d4d0 c095 | 60fe ff17 

  0x00000001140c19b8: ;   {metadata({method} {0x00000ffc00439210} '<init>' '()V' in 'java/lang/Object')}
  0x00000001140c19b8: 0842 92d2 | 6808 a0f2 | 88ff c1f2 | e807 00f9 | 0800 8092 | e803 00f9 

  0x00000001140c19d0: ; ImmutableOopMap {c_rarg0=Oop [120]=Oop [128]=Oop [136]=Oop }
                      ;*synchronization entry
                      ; - java.lang.Object::<init>@-1 (line 45)
                      ; - com.sun.javafx.application.PlatformImpl$$Lambda/0x00000ffc01097018::<init>@1
                      ; - java.lang.invoke.DirectMethodHandle$Holder::newInvokeSpecial@16
                      ; - java.lang.invoke.Invokers$Holder::linkToTargetMethod@5
                      ; - com.sun.javafx.application.PlatformImpl::lambda$runLater$11@1 (line 455)
                      ;   {runtime_call counter_overflow Runtime1 stub}
  0x00000001140c19d0: ccd0 c095 | 68fe ff17 | 010c 40b9 | 21f0 7dd3 | 01cd ffb4 | e103 00f9 

  0x00000001140c19e8: ;   {runtime_call g1_pre_barrier_slow}
  0x00000001140c19e8: 46d2 c095 | 65fe ff17 | 61cd ffb4 | e003 00f9 

  0x00000001140c19f8: ;   {runtime_call g1_post_barrier_slow}
  0x00000001140c19f8: 02d3 c095 | 68fe ff17 

  0x00000001140c1a00: ;   {metadata({method} {0x00000ffc00435498} 'doPrivileged' '(Ljava/security/PrivilegedAction;Ljava/security/AccessControlContext;)Ljava/lang/Object;' in 'java/security/AccessController')}
  0x00000001140c1a00: 0893 8ad2 | 6808 a0f2 | 88ff c1f2 | e807 00f9 | 0800 8092 | e803 00f9 

  0x00000001140c1a18: ; ImmutableOopMap {c_rarg0=Oop c_rarg1=Oop [120]=Oop [128]=Oop [136]=Oop }
                      ;*synchronization entry
                      ; - java.security.AccessController::doPrivileged@-1 (line 398)
                      ; - com.sun.javafx.application.PlatformImpl::lambda$runLater$11@7 (line 455)
                      ;   {runtime_call counter_overflow Runtime1 stub}
  0x00000001140c1a18: bad0 c095 | 8dfe ff17 

  0x00000001140c1a20: ;   {metadata({method} {0x00000ffc00435720} 'executePrivileged' '(Ljava/security/PrivilegedAction;Ljava/security/AccessControlContext;Ljava/lang/Class;)Ljava/lang/Object;' in 'java/security/AccessController')}
  0x00000001140c1a20: 08e4 8ad2 | 6808 a0f2 | 88ff c1f2 | e807 00f9 | 0800 8092 | e803 00f9 

  0x00000001140c1a38: ; ImmutableOopMap {c_rarg0=Oop [120]=Oop [128]=Oop [136]=Oop [144]=Oop [152]=Oop }
                      ;*synchronization entry
                      ; - java.security.AccessController::executePrivileged@-1 (line 773)
                      ; - java.security.AccessController::doPrivileged@13 (line 400)
                      ; - com.sun.javafx.application.PlatformImpl::lambda$runLater$11@7 (line 455)
                      ;   {runtime_call counter_overflow Runtime1 stub}
  0x00000001140c1a38: b2d0 c095 | acfe ff17 

  0x00000001140c1a40: ; ImmutableOopMap {c_rarg0=Oop [120]=Oop [128]=Oop [136]=Oop [144]=Oop [152]=Oop }
                      ;*invokeinterface run {reexecute=0 rethrow=0 return_oop=0}
                      ; - java.security.AccessController::executePrivileged@29 (line 778)
                      ; - java.security.AccessController::doPrivileged@13 (line 400)
                      ; - com.sun.javafx.application.PlatformImpl::lambda$runLater$11@7 (line 455)
                      ;   {runtime_call throw_null_pointer_exception Runtime1 stub}
  0x00000001140c1a40: 10bd c095 

  0x00000001140c1a44: ;   {metadata({method} {0x00000ffc00037fc8} 'reachabilityFence' '(Ljava/lang/Object;)V' in 'java/lang/ref/Reference')}
  0x00000001140c1a44: 08f9 8fd2 | 6800 a0f2 | 88ff c1f2 | e807 00f9 | 0800 8092 | e803 00f9 

  0x00000001140c1a5c: ; ImmutableOopMap {[120]=Oop [128]=Oop [136]=Oop [144]=Oop [152]=Oop [160]=Oop }
                      ;*synchronization entry
                      ; - java.lang.ref.Reference::reachabilityFence@-1 (line 628)
                      ; - java.security.AccessController::executePrivileged@60 (line 790)
                      ; - java.security.AccessController::doPrivileged@13 (line 400)
                      ; - com.sun.javafx.application.PlatformImpl::lambda$runLater$11@7 (line 455)
                      ;   {runtime_call counter_overflow Runtime1 stub}
  0x00000001140c1a5c: a9d0 c095 | 14ff ff17 

  0x00000001140c1a64: ;   {metadata({method} {0x00000ffc00037fc8} 'reachabilityFence' '(Ljava/lang/Object;)V' in 'java/lang/ref/Reference')}
  0x00000001140c1a64: 08f9 8fd2 | 6800 a0f2 | 88ff c1f2 | e807 00f9 | 0800 8092 | e803 00f9 

  0x00000001140c1a7c: ; ImmutableOopMap {[120]=Oop [128]=Oop [136]=Oop [144]=Oop [152]=Oop [160]=Oop }
                      ;*synchronization entry
                      ; - java.lang.ref.Reference::reachabilityFence@-1 (line 628)
                      ; - java.security.AccessController::executePrivileged@64 (line 791)
                      ; - java.security.AccessController::doPrivileged@13 (line 400)
                      ; - com.sun.javafx.application.PlatformImpl::lambda$runLater$11@7 (line 455)
                      ;   {runtime_call counter_overflow Runtime1 stub}
  0x00000001140c1a7c: a1d0 c095 | 1bff ff17 | e803 00aa 

  0x00000001140c1a88: ; ImmutableOopMap {[120]=Oop [128]=Oop }
                      ;*checkcast {reexecute=0 rethrow=0 return_oop=0}
                      ; - com.sun.javafx.application.PlatformImpl::lambda$runLater$11@10 (line 455)
                      ;   {runtime_call throw_class_cast_exception Runtime1 stub}
  0x00000001140c1a88: fec5 c095 

  0x00000001140c1a8c: ; ImmutableOopMap {c_rarg1=Oop [120]=Oop [128]=Oop [168]=Oop }
                      ;*invokevirtual decrementAndGet {reexecute=0 rethrow=0 return_oop=0}
                      ; - com.sun.javafx.application.PlatformImpl::lambda$runLater$11@17 (line 460)
                      ;   {runtime_call throw_null_pointer_exception Runtime1 stub}
  0x00000001140c1a8c: fdbc c095 

  0x00000001140c1a90: ;   {internal_word}
  0x00000001140c1a90: 28ee ff10 | 883b 02f9 

  0x00000001140c1a98: ;   {runtime_call SafepointBlob}
  0x00000001140c1a98: 9a53 bd15 

  0x00000001140c1a9c: ; ImmutableOopMap {c_rarg0=Oop c_rarg3=Oop [120]=Oop [128]=Oop }
                      ;*invokevirtual decrementAndGet {reexecute=0 rethrow=0 return_oop=0}
                      ; - com.sun.javafx.application.PlatformImpl::lambda$runLater$11@31 (line 460)
                      ;   {runtime_call throw_null_pointer_exception Runtime1 stub}
  0x00000001140c1a9c: f9bc c095 | 8087 42f9 | 9f87 02f9 | 9f8b 02f9 | fd7b 4ca9 | ff43 0391 

  0x00000001140c1ab4: ;   {runtime_call unwind_exception Runtime1 stub}
  0x00000001140c1ab4: 33b9 c015 
[Stub Code]
  0x00000001140c1ab8: ;   {no_reloc}
  0x00000001140c1ab8: 4800 0058 | 0001 1fd6 | d0ca 591b | 0100 0000 

  0x00000001140c1ac8: ;   {trampoline_stub}
  0x00000001140c1ac8: 4800 0058 | 0001 1fd6 | 50e1 5c1b | 0100 0000 

  0x00000001140c1ad8: ;   {trampoline_stub}
  0x00000001140c1ad8: 4800 0058 | 0001 1fd6 | 40da 0014 | 0100 0000 

  0x00000001140c1ae8: ;   {trampoline_stub}
  0x00000001140c1ae8: 4800 0058 | 0001 1fd6 | 5040 5d1b | 0100 0000 

  0x00000001140c1af8: ;   {static_stub}
  0x00000001140c1af8: df3f 03d5 

  0x00000001140c1afc: ;   {metadata(nullptr)}
  0x00000001140c1afc: 0c00 80d2 | 0c00 a0f2 | 0c00 c0f2 | 0800 80d2 | 0800 a0f2 | 0800 c0f2 | 0001 1fd6 

  0x00000001140c1b18: ;   {trampoline_stub}
  0x00000001140c1b18: 4800 0058 | 0001 1fd6 | c028 0c14 | 0100 0000 

  0x00000001140c1b28: ;   {trampoline_stub}
  0x00000001140c1b28: 4800 0058 | 0001 1fd6 | 5040 5d1b | 0100 0000 

  0x00000001140c1b38: ;   {trampoline_stub}
  0x00000001140c1b38: 4800 0058 | 0001 1fd6 | c033 1114 | 0100 0000 

  0x00000001140c1b48: ;   {trampoline_stub}
  0x00000001140c1b48: 4800 0058 | 0001 1fd6 | c047 f913 | 0100 0000 

  0x00000001140c1b58: ;   {trampoline_stub}
  0x00000001140c1b58: 4800 0058 | 0001 1fd6 | 8001 011b | 0100 0000 

  0x00000001140c1b68: ;   {trampoline_stub}
  0x00000001140c1b68: 4800 0058 | 0001 1fd6 | 8007 011b | 0100 0000 

  0x00000001140c1b78: ;   {static_stub}
  0x00000001140c1b78: df3f 03d5 

  0x00000001140c1b7c: ;   {metadata(nullptr)}
  0x00000001140c1b7c: 0c00 80d2 | 0c00 a0f2 | 0c00 c0f2 | 0800 80d2 | 0800 a0f2 | 0800 c0f2 | 0001 1fd6 

  0x00000001140c1b98: ;   {static_stub}
  0x00000001140c1b98: df3f 03d5 

  0x00000001140c1b9c: ;   {metadata(nullptr)}
  0x00000001140c1b9c: 0c00 80d2 | 0c00 a0f2 | 0c00 c0f2 | 0800 80d2 | 0800 a0f2 | 0800 c0f2 | 0001 1fd6 

  0x00000001140c1bb8: ;   {static_stub}
  0x00000001140c1bb8: df3f 03d5 

  0x00000001140c1bbc: ;   {metadata(nullptr)}
  0x00000001140c1bbc: 0c00 80d2 | 0c00 a0f2 | 0c00 c0f2 | 0800 80d2 | 0800 a0f2 | 0800 c0f2 | 0001 1fd6 

  0x00000001140c1bd8: ;   {static_stub}
  0x00000001140c1bd8: df3f 03d5 

  0x00000001140c1bdc: ;   {metadata(nullptr)}
  0x00000001140c1bdc: 0c00 80d2 | 0c00 a0f2 | 0c00 c0f2 | 0800 80d2 | 0800 a0f2 | 0800 c0f2 | 0001 1fd6 

  0x00000001140c1bf8: ;   {static_stub}
  0x00000001140c1bf8: df3f 03d5 

  0x00000001140c1bfc: ;   {metadata({method} {0x00000ffc00124720} 'decrementAndGet' '()I' in 'java/util/concurrent/atomic/AtomicInteger')}
  0x00000001140c1bfc: 0ce4 88d2 | 4c02 a0f2 | 8cff c1f2 | 886a 89d2 | 2860 a3f2 | 2800 c0f2 | 0001 1fd6 

  0x00000001140c1c18: ;   {static_stub}
  0x00000001140c1c18: df3f 03d5 

  0x00000001140c1c1c: ;   {metadata(nullptr)}
  0x00000001140c1c1c: 0c00 80d2 | 0c00 a0f2 | 0c00 c0f2 | 0800 80d2 | 0800 a0f2 | 0800 c0f2 | 0001 1fd6 
[Exception Handler]
  0x00000001140c1c38: ;   {runtime_call handle_exception_from_callee Runtime1 stub}
  0x00000001140c1c38: 12c4 c095 | c1d5 bbd4 | 4de3 250b | 0100 0000 
[Deopt Handler Code]
  0x00000001140c1c48: 1e00 0010 

  0x00000001140c1c4c: ;   {runtime_call DeoptimizationBlob}
  0x00000001140c1c4c: fd53 bd15 
[/MachCode]


Compiled method (c1) 7946 2984       3       com.sun.javafx.application.PlatformImpl$$Lambda/0x00000ffc01096bc0::run (12 bytes)
 total in heap  [0x0000000113fc8b90,0x0000000113fc8f48] = 952
 relocation     [0x0000000113fc8ce0,0x0000000113fc8d18] = 56
 main code      [0x0000000113fc8d40,0x0000000113fc8e80] = 320
 stub code      [0x0000000113fc8e80,0x0000000113fc8ec8] = 72
 oops           [0x0000000113fc8ec8,0x0000000113fc8ed0] = 8
 metadata       [0x0000000113fc8ed0,0x0000000113fc8ee8] = 24
 scopes data    [0x0000000113fc8ee8,0x0000000113fc8f00] = 24
 scopes pcs     [0x0000000113fc8f00,0x0000000113fc8f40] = 64
 dependencies   [0x0000000113fc8f40,0x0000000113fc8f48] = 8

[Constant Pool (empty)]

[MachCode]
[Entry Point]
  # {method} {0x000000012a5c9530} 'run' '()V' in 'com/sun/javafx/application/PlatformImpl$$Lambda+0x00000ffc01096bc0'
  #           [sp+0x40]  (sp of caller)
  0x0000000113fc8d40: 2808 40b9 | 3f01 086b | c001 0054 

  0x0000000113fc8d4c: ;   {runtime_call ic_miss_stub}
  0x0000000113fc8d4c: 4d1c c115 | 1f20 03d5 | 1f20 03d5 | 1f20 03d5 | 1f20 03d5 | 1f20 03d5 | 1f20 03d5 | 1f20 03d5 
  0x0000000113fc8d6c: 1f20 03d5 | 1f20 03d5 | 1f20 03d5 | 1f20 03d5 | 1f20 03d5 
[Verified Entry Point]
  0x0000000113fc8d80: 1f20 03d5 | e953 40d1 | 3f01 00f9 | ff03 01d1 | fd7b 03a9 | 2801 0018 | 8923 40b9 | 1f01 09eb 
  0x0000000113fc8da0: e000 0054 

  0x0000000113fc8da4: ;   {runtime_call StubRoutines (final stubs)}
  0x0000000113fc8da4: 0830 93d2 | 2860 a3f2 | 2800 c0f2 | 0001 3fd6 | 0200 0014 | 0300 0000 

  0x0000000113fc8dbc: ;   {metadata(method data for {method} {0x000000012a5c9530} 'run' '()V' in 'com/sun/javafx/application/PlatformImpl$$Lambda+0x00000ffc01096bc0')}
  0x0000000113fc8dbc: 02b6 84d2 | 0268 a5f2 | 2200 c0f2 | 40ac 40b9 | 0008 0011 | 40ac 00b9 | 0024 1f12 | 1f00 0071 
  0x0000000113fc8ddc: 0003 0054 | 220c 40b9 | 42f0 7dd3 | 2010 40b9 | 00f0 7dd3 

  0x0000000113fc8df0: ;   {metadata(method data for {method} {0x000000012a5c9530} 'run' '()V' in 'com/sun/javafx/application/PlatformImpl$$Lambda+0x00000ffc01096bc0')}
  0x0000000113fc8df0: 03b6 84d2 | 0368 a5f2 | 2300 c0f2 | 687c 40f9 | 0805 0091 | 687c 00f9 | e10f 00f9 | e103 02aa 
  0x0000000113fc8e10: e203 00aa 

  0x0000000113fc8e14: ; ImmutableOopMap {[24]=Oop }
                      ;*invokestatic lambda$runLater$11 {reexecute=0 rethrow=0 return_oop=0}
                      ; - com.sun.javafx.application.PlatformImpl$$Lambda/0x00000ffc01096bc0::run@8
                      ;   {static_call}
  0x0000000113fc8e14: 7be0 0394 

  0x0000000113fc8e18: ;   {other}
  0x0000000113fc8e18: 1f20 03d5 | 1f51 80f2 | 1f00 80f2 | fd7b 43a9 | ff03 0191 

  0x0000000113fc8e2c: ;   {poll_return}
  0x0000000113fc8e2c: 882f 42f9 | ff63 28eb | 4801 0054 | c003 5fd6 

  0x0000000113fc8e3c: ;   {metadata({method} {0x000000012a5c9530} 'run' '()V' in 'com/sun/javafx/application/PlatformImpl$$Lambda+0x00000ffc01096bc0')}
  0x0000000113fc8e3c: 08a6 92d2 | 884b a5f2 | 2800 c0f2 | e807 00f9 | 0800 8092 | e803 00f9 

  0x0000000113fc8e54: ; ImmutableOopMap {c_rarg1=Oop }
                      ;*synchronization entry
                      ; - com.sun.javafx.application.PlatformImpl$$Lambda/0x00000ffc01096bc0::run@-1
                      ;   {runtime_call counter_overflow Runtime1 stub}
  0x0000000113fc8e54: abb3 c495 | e2ff ff17 

  0x0000000113fc8e5c: ;   {internal_word}
  0x0000000113fc8e5c: 88fe ff10 | 883b 02f9 

  0x0000000113fc8e64: ;   {runtime_call SafepointBlob}
  0x0000000113fc8e64: a736 c115 | 8087 42f9 | 9f87 02f9 | 9f8b 02f9 | fd7b 43a9 | ff03 0191 

  0x0000000113fc8e7c: ;   {runtime_call unwind_exception Runtime1 stub}
  0x0000000113fc8e7c: 419c c415 
[Stub Code]
  0x0000000113fc8e80: ;   {no_reloc}
  0x0000000113fc8e80: 4800 0058 | 0001 1fd6 | 0010 0c14 | 0100 0000 

  0x0000000113fc8e90: ;   {static_stub}
  0x0000000113fc8e90: df3f 03d5 

  0x0000000113fc8e94: ;   {metadata({method} {0x000000012a424b28} 'lambda$runLater$11' '(Ljava/lang/Runnable;Ljava/security/AccessControlContext;)V' in 'com/sun/javafx/application/PlatformImpl')}
  0x0000000113fc8e94: 0c65 89d2 | 4c48 a5f2 | 2c00 c0f2 | 88ba 8ad2 | 2860 a3f2 | 2800 c0f2 | 0001 1fd6 
[Exception Handler]
  0x0000000113fc8eb0: ;   {runtime_call handle_exception_from_callee Runtime1 stub}
  0x0000000113fc8eb0: 74a7 c495 | c1d5 bbd4 | 4de3 250b | 0100 0000 
[Deopt Handler Code]
  0x0000000113fc8ec0: 1e00 0010 

  0x0000000113fc8ec4: ;   {runtime_call DeoptimizationBlob}
  0x0000000113fc8ec4: 5f37 c115 
[/MachCode]


---------------  P R O C E S S  ---------------

Threads class SMR info:
_java_thread_list=0x0000000a5aa008a0, length=33, elements={
0x00000001052e16b0, 0x00000001052fbbc0, 0x00000001052fc2c0, 0x0000000a5916c000,
0x0000000a5916c700, 0x0000000a5916ce00, 0x00000001052fcfc0, 0x0000000a59170000,
0x0000000a5916d500, 0x0000000a5916f100, 0x0000000a5916f800, 0x0000000a5a8ac000,
0x0000000a5a8ac700, 0x0000000a5a8ae300, 0x0000000a5a8aea00, 0x0000000a5b134000,
0x0000000a5b225500, 0x0000000a5b5a8000, 0x0000000a5b5a8700, 0x0000000a5bcbc700,
0x0000000a5bdcdc00, 0x0000000a5be14700, 0x0000000a5c264700, 0x0000000a5c2bc700,
0x0000000a5c3fce00, 0x0000000a5c3ff100, 0x0000000a5a9f0700, 0x0000000a5a9f1500,
0x0000000a5c98c700, 0x0000000a5aa04e00, 0x0000000a5aa05c00, 0x0000000a5aa06300,
0x0000000a5aa06a00
}

Java Threads: ( => current thread )
  0x00000001052e16b0 JavaThread "main"                              [_thread_blocked, id=5123, stack(0x000000016b0d4000,0x000000016b2d7000) (2060K)]
  0x00000001052fbbc0 JavaThread "Reference Handler"          daemon [_thread_blocked, id=23555, stack(0x000000016c24c000,0x000000016c44f000) (2060K)]
  0x00000001052fc2c0 JavaThread "Finalizer"                  daemon [_thread_blocked, id=28675, stack(0x000000016c458000,0x000000016c65b000) (2060K)]
  0x0000000a5916c000 JavaThread "Signal Dispatcher"          daemon [_thread_blocked, id=28419, stack(0x000000016c664000,0x000000016c867000) (2060K)]
  0x0000000a5916c700 JavaThread "Service Thread"             daemon [_thread_blocked, id=27907, stack(0x000000016c870000,0x000000016ca73000) (2060K)]
  0x0000000a5916ce00 JavaThread "Monitor Deflation Thread"   daemon [_thread_blocked, id=24579, stack(0x000000016ca7c000,0x000000016cc7f000) (2060K)]
  0x00000001052fcfc0 JavaThread "C2 CompilerThread0"         daemon [_thread_blocked, id=24835, stack(0x000000016cc88000,0x000000016ce8b000) (2060K)]
  0x0000000a59170000 JavaThread "C1 CompilerThread0"         daemon [_thread_blocked, id=25091, stack(0x000000016ce94000,0x000000016d097000) (2060K)]
  0x0000000a5916d500 JavaThread "Common-Cleaner"             daemon [_thread_blocked, id=25603, stack(0x000000016d0a0000,0x000000016d2a3000) (2060K)]
  0x0000000a5916f100 JavaThread "JDWP Transport Listener: dt_socket" daemon [_thread_blocked, id=26115, stack(0x000000016d2ac000,0x000000016d4af000) (2060K)]
  0x0000000a5916f800 JavaThread "JDWP Event Helper Thread"   daemon [_thread_blocked, id=26371, stack(0x000000016d4b8000,0x000000016d6bb000) (2060K)]
  0x0000000a5a8ac000 JavaThread "JDWP Command Reader"        daemon [_thread_in_native, id=26627, stack(0x000000016d6c4000,0x000000016d8c7000) (2060K)]
  0x0000000a5a8ac700 JavaThread "IntelliJ Suspend Helper"    daemon [_thread_blocked, id=43267, stack(0x000000016d8d0000,0x000000016dad3000) (2060K)]
  0x0000000a5a8ae300 JavaThread "Notification Thread"        daemon [_thread_blocked, id=33027, stack(0x000000016dadc000,0x000000016dcdf000) (2060K)]
  0x0000000a5a8aea00 JavaThread "CoarseTimer"                daemon [_thread_blocked, id=42499, stack(0x000000016dce8000,0x000000016deeb000) (2060K)]
  0x0000000a5b134000 JavaThread "JavaFX-Launcher"                   [_thread_blocked, id=42243, stack(0x000000016def4000,0x000000016e0f7000) (2060K)]
  0x0000000a5b225500 JavaThread "QuantumRenderer-0"          daemon [_thread_blocked, id=33539, stack(0x000000016e100000,0x000000016e303000) (2060K)]
  0x0000000a5b5a8000 JavaThread "InvokeLaterDispatcher"      daemon [_thread_blocked, id=64547, stack(0x000000016e30c000,0x000000016e50f000) (2060K)]
=>0x0000000a5b5a8700 JavaThread "JavaFX Application Thread"         [_thread_in_native, id=259, stack(0x000000016a84c000,0x000000016b048000) (8176K)]
  0x0000000a5bcbc700 JavaThread "Prism Font Disposer"        daemon [_thread_blocked, id=81955, stack(0x000000017159c000,0x000000017179f000) (2060K)]
  0x0000000a5bdcdc00 JavaThread "Disposer"                   daemon [_thread_blocked, id=72211, stack(0x00000001717a8000,0x00000001719ab000) (2060K)]
  0x0000000a5be14700 JavaThread "PulseTimer-CVDisplayLink thread" daemon [_thread_in_native, id=72979, stack(0x00000001719b4000,0x0000000171a37000) (524K)]
  0x0000000a5c264700 JavaThread "HttpClient-1-SelectorManager" daemon [_thread_in_native, id=73475, stack(0x0000000171a40000,0x0000000171c43000) (2060K)]
  0x0000000a5c2bc700 JavaThread "HttpClient-1-Worker-0"      daemon [_thread_blocked, id=73987, stack(0x0000000171c4c000,0x0000000171e4f000) (2060K)]
  0x0000000a5c3fce00 JavaThread "HttpClient-1-Worker-1"      daemon [_thread_blocked, id=74499, stack(0x0000000171e58000,0x000000017205b000) (2060K)]
  0x0000000a5c3ff100 JavaThread "HttpClient-1-Worker-2"      daemon [_thread_blocked, id=75011, stack(0x0000000172064000,0x0000000172267000) (2060K)]
  0x0000000a5a9f0700 JavaThread "ForkJoinPool.commonPool-worker-1" daemon [_thread_blocked, id=76563, stack(0x000000017bb30000,0x000000017bd33000) (2060K)]
  0x0000000a5a9f1500 JavaThread "ForkJoinPool.commonPool-worker-2" daemon [_thread_blocked, id=77831, stack(0x000000017bd3c000,0x000000017bf3f000) (2060K)]
  0x0000000a5c98c700 JavaThread "Thread-4"                   daemon [_thread_in_native, id=99347, stack(0x000000017d954000,0x000000017d9d7000) (524K)]
  0x0000000a5aa04e00 JavaThread "Cleaner-0"                  daemon [_thread_blocked, id=100099, stack(0x000000017d9e0000,0x000000017dbe3000) (2060K)]
  0x0000000a5aa05c00 JavaThread "ForkJoinPool.commonPool-worker-3" daemon [_thread_blocked, id=100355, stack(0x000000017dbec000,0x000000017ddef000) (2060K)]
  0x0000000a5aa06300 JavaThread "ForkJoinPool.commonPool-worker-4" daemon [_thread_blocked, id=100867, stack(0x000000017ddf8000,0x000000017dffb000) (2060K)]
  0x0000000a5aa06a00 JavaThread "ForkJoinPool.commonPool-worker-5" daemon [_thread_blocked, id=99615, stack(0x000000017e004000,0x000000017e207000) (2060K)]
Total: 33

Other Threads:
  0x0000000a5a83d800 VMThread "VM Thread"                           [id=20739, stack(0x000000016bf28000,0x000000016c12b000) (2060K)]
  0x00000001052f59f0 WatcherThread "VM Periodic Task Thread"        [id=17667, stack(0x000000016bd1c000,0x000000016bf1f000) (2060K)]
  0x00000001052eed80 WorkerThread "GC Thread#0"                     [id=12291, stack(0x000000016b2e0000,0x000000016b4e3000) (2060K)]
  0x0000000a5b655800 WorkerThread "GC Thread#1"                     [id=86019, stack(0x000000016e748000,0x000000016e94b000) (2060K)]
  0x0000000a5b655c00 WorkerThread "GC Thread#2"                     [id=85763, stack(0x000000016e954000,0x000000016eb57000) (2060K)]
  0x0000000a5b654400 WorkerThread "GC Thread#3"                     [id=85251, stack(0x000000016eb60000,0x000000016ed63000) (2060K)]
  0x0000000a5b657000 WorkerThread "GC Thread#4"                     [id=84995, stack(0x000000016ed6c000,0x000000016ef6f000) (2060K)]
  0x0000000a5b657400 WorkerThread "GC Thread#5"                     [id=67075, stack(0x000000016ef78000,0x000000016f17b000) (2060K)]
  0x0000000a5b657c00 WorkerThread "GC Thread#6"                     [id=84227, stack(0x000000016f184000,0x000000016f387000) (2060K)]
  0x0000000a5a8d2c00 WorkerThread "GC Thread#7"                     [id=67587, stack(0x000000016f390000,0x000000016f593000) (2060K)]
  0x00000001052ef970 ConcurrentGCThread "G1 Main Marker"            [id=14083, stack(0x000000016b4ec000,0x000000016b6ef000) (2060K)]
  0x00000001052f0170 WorkerThread "G1 Conc#0"                       [id=13315, stack(0x000000016b6f8000,0x000000016b8fb000) (2060K)]
  0x0000000a5e0c8c00 WorkerThread "G1 Conc#1"                       [id=95491, stack(0x000000017cb48000,0x000000017cd4b000) (2060K)]
  0x0000000a5a838000 ConcurrentGCThread "G1 Refine#0"               [id=16387, stack(0x000000016b904000,0x000000016bb07000) (2060K)]
  0x0000000a5a83c400 ConcurrentGCThread "G1 Service"                [id=16899, stack(0x000000016bb10000,0x000000016bd13000) (2060K)]
Total: 15

Threads with active compile tasks:
Total: 0

VM state: not at safepoint (normal execution)

VM Mutex/Monitor currently owned by a thread: None

Heap address: 0x00000004d5000000, size: 4096 MB, Compressed Oops mode: Zero based, Oop shift amount: 3

CDS archive(s) mapped at: [0x00000ffc00000000-0x00000ffc00c70000-0x00000ffc00c70000), size 13041664, SharedBaseAddress: 0x00000ffc00000000, ArchiveRelocationMode: 1.
Compressed class space mapped at: 0x00000ffc01000000-0x00000ffc41000000, reserved size: 1073741824
Narrow klass base: 0x00000ffc00000000, Narrow klass shift: 0, Narrow klass range: 0x100000000

GC Precious Log:
 CardTable entry size: 512
 Card Set container configuration: InlinePtr #cards 4 size 8 Array Of Cards #cards 16 size 48 Howl #buckets 8 coarsen threshold 3686 Howl Bitmap #cards 512 size 80 coarsen threshold 460 Card regions per heap region 1 cards per card region 4096
 CPUs: 8 total, 8 available
 Memory: 16384M
 Large Page Support: Disabled
 NUMA Support: Disabled
 Compressed Oops: Enabled (Zero based)
 Heap Region Size: 2M
 Heap Min Capacity: 8M
 Heap Initial Capacity: 256M
 Heap Max Capacity: 4G
 Pre-touch: Disabled
 Parallel Workers: 8
 Concurrent Workers: 2
 Concurrent Refinement Workers: 8
 Periodic GC: Disabled

Heap:
 garbage-first heap   total reserved 4194304K, committed 63488K, used 25945K [0x00000004d5000000, 0x00000005d5000000)
  region size 2048K, 4 young (8192K), 2 survivors (4096K)
 Metaspace       used 23496K, committed 24000K, reserved 1114112K
  class space    used 3054K, committed 3264K, reserved 1048576K

Heap Regions: E=young(eden), S=young(survivor), O=old, HS=humongous(starts), HC=humongous(continues), CS=collection set, F=free, TAMS=top-at-mark-start, PB=parsable bottom
|   0|0x00000004d5000000, 0x00000004d5200000, 0x00000004d5200000|100%| O|  |TAMS 0x00000004d5000000| PB 0x00000004d5000000| Untracked |  0
|   1|0x00000004d5200000, 0x00000004d5400000, 0x00000004d5400000|100%| O|  |TAMS 0x00000004d5200000| PB 0x00000004d5200000| Untracked |  0
|   2|0x00000004d5400000, 0x00000004d5600000, 0x00000004d5600000|100%| O|  |TAMS 0x00000004d5400000| PB 0x00000004d5400000| Untracked |  0
|   3|0x00000004d5600000, 0x00000004d5800000, 0x00000004d5800000|100%| O|  |TAMS 0x00000004d5600000| PB 0x00000004d5600000| Untracked |  0
|   4|0x00000004d5800000, 0x00000004d5a00000, 0x00000004d5a00000|100%| O|  |TAMS 0x00000004d5800000| PB 0x00000004d5800000| Untracked |  0
|   5|0x00000004d5a00000, 0x00000004d5c00000, 0x00000004d5c00000|100%| O|  |TAMS 0x00000004d5a00000| PB 0x00000004d5a00000| Untracked |  0
|   6|0x00000004d5c00000, 0x00000004d5d0c8a8, 0x00000004d5e00000| 52%| O|  |TAMS 0x00000004d5c00000| PB 0x00000004d5c00000| Untracked |  0
|   7|0x00000004d5e00000, 0x00000004d5e00000, 0x00000004d6000000|  0%| F|  |TAMS 0x00000004d5e00000| PB 0x00000004d5e00000| Untracked |  0
|   8|0x00000004d6000000, 0x00000004d6049f40, 0x00000004d6200000| 14%| S|CS|TAMS 0x00000004d6000000| PB 0x00000004d6000000| Complete |  0
|   9|0x00000004d6200000, 0x00000004d6400000, 0x00000004d6400000|100%| S|CS|TAMS 0x00000004d6200000| PB 0x00000004d6200000| Complete |  0
|  10|0x00000004d6400000, 0x00000004d6400000, 0x00000004d6600000|  0%| F|  |TAMS 0x00000004d6400000| PB 0x00000004d6400000| Untracked |  0
|  11|0x00000004d6600000, 0x00000004d6600000, 0x00000004d6800000|  0%| F|  |TAMS 0x00000004d6600000| PB 0x00000004d6600000| Untracked |  0
|  12|0x00000004d6800000, 0x00000004d6800000, 0x00000004d6a00000|  0%| F|  |TAMS 0x00000004d6800000| PB 0x00000004d6800000| Untracked |  0
|  13|0x00000004d6a00000, 0x00000004d6c00000, 0x00000004d6c00000|100%|HS|  |TAMS 0x00000004d6a00000| PB 0x00000004d6a00000| Complete |  0
|  14|0x00000004d6c00000, 0x00000004d6e00000, 0x00000004d6e00000|100%|HC|  |TAMS 0x00000004d6c00000| PB 0x00000004d6c00000| Complete |  0
|  15|0x00000004d6e00000, 0x00000004d7000000, 0x00000004d7000000|100%|HS|  |TAMS 0x00000004d6e00000| PB 0x00000004d6e00000| Complete |  0
|  16|0x00000004d7000000, 0x00000004d7200000, 0x00000004d7200000|100%|HC|  |TAMS 0x00000004d7000000| PB 0x00000004d7000000| Complete |  0
|  17|0x00000004d7200000, 0x00000004d7200000, 0x00000004d7400000|  0%| F|  |TAMS 0x00000004d7200000| PB 0x00000004d7200000| Untracked |  0
|  18|0x00000004d7400000, 0x00000004d7400000, 0x00000004d7600000|  0%| F|  |TAMS 0x00000004d7400000| PB 0x00000004d7400000| Untracked |  0
|  19|0x00000004d7600000, 0x00000004d7600000, 0x00000004d7800000|  0%| F|  |TAMS 0x00000004d7600000| PB 0x00000004d7600000| Untracked |  0
|  20|0x00000004d7800000, 0x00000004d7800000, 0x00000004d7a00000|  0%| F|  |TAMS 0x00000004d7800000| PB 0x00000004d7800000| Untracked |  0
|  21|0x00000004d7a00000, 0x00000004d7a00000, 0x00000004d7c00000|  0%| F|  |TAMS 0x00000004d7a00000| PB 0x00000004d7a00000| Untracked |  0
|  22|0x00000004d7c00000, 0x00000004d7c00000, 0x00000004d7e00000|  0%| F|  |TAMS 0x00000004d7c00000| PB 0x00000004d7c00000| Untracked |  0
|  23|0x00000004d7e00000, 0x00000004d7e00000, 0x00000004d8000000|  0%| F|  |TAMS 0x00000004d7e00000| PB 0x00000004d7e00000| Untracked |  0
|  89|0x00000004e0200000, 0x00000004e0200000, 0x00000004e0400000|  0%| F|  |TAMS 0x00000004e0200000| PB 0x00000004e0200000| Untracked |  0
|  90|0x00000004e0400000, 0x00000004e0400000, 0x00000004e0600000|  0%| F|  |TAMS 0x00000004e0400000| PB 0x00000004e0400000| Untracked |  0
|  91|0x00000004e0600000, 0x00000004e0600000, 0x00000004e0800000|  0%| F|  |TAMS 0x00000004e0600000| PB 0x00000004e0600000| Untracked |  0
|  92|0x00000004e0800000, 0x00000004e0800000, 0x00000004e0a00000|  0%| F|  |TAMS 0x00000004e0800000| PB 0x00000004e0800000| Untracked |  0
|  93|0x00000004e0a00000, 0x00000004e0a00000, 0x00000004e0c00000|  0%| F|  |TAMS 0x00000004e0a00000| PB 0x00000004e0a00000| Untracked |  0
| 127|0x00000004e4e00000, 0x00000004e4f014f0, 0x00000004e5000000| 50%| E|  |TAMS 0x00000004e4e00000| PB 0x00000004e4e00000| Complete |  0
|2047|0x00000005d4e00000, 0x00000005d5000000, 0x00000005d5000000|100%| E|CS|TAMS 0x00000005d4e00000| PB 0x00000005d4e00000| Complete |  0

Card table byte_map: [0x0000000122aa0000,0x00000001232a0000] _byte_map_base: 0x00000001203f8000

Marking Bits: (CMBitMap*) 0x00000001052ef190
 Bits: [0x0000000125e04000, 0x0000000129e04000)

Polling page: 0x0000000104de0000

Metaspace:

Usage:
  Non-class:     19.96 MB used.
      Class:      2.98 MB used.
       Both:     22.95 MB used.

Virtual space:
  Non-class space:       64.00 MB reserved,      20.25 MB ( 32%) committed,  1 nodes.
      Class space:        1.00 GB reserved,       3.19 MB ( <1%) committed,  1 nodes.
             Both:        1.06 GB reserved,      23.44 MB (  2%) committed. 

Chunk freelists:
   Non-Class:  11.16 MB
       Class:  12.70 MB
        Both:  23.87 MB

MaxMetaspaceSize: unlimited
CompressedClassSpaceSize: 1.00 GB
Initial GC threshold: 21.00 MB
Current GC threshold: 35.25 MB
CDS: on
 - commit_granule_bytes: 65536.
 - commit_granule_words: 8192.
 - virtual_space_node_default_size: 8388608.
 - enlarge_chunks_in_place: 1.
 - use_allocation_guard: 0.


Internal statistics:

num_allocs_failed_limit: 3.
num_arena_births: 608.
num_arena_deaths: 0.
num_vsnodes_births: 2.
num_vsnodes_deaths: 0.
num_space_committed: 375.
num_space_uncommitted: 0.
num_chunks_returned_to_freelist: 3.
num_chunks_taken_from_freelist: 1309.
num_chunk_merges: 3.
num_chunk_splits: 832.
num_chunks_enlarged: 487.
num_inconsistent_stats: 0.

CodeHeap 'non-profiled nmethods': size=120032Kb used=1972Kb max_used=1972Kb free=118060Kb
 bounds [0x000000011b568000, 0x000000011b7d8000, 0x0000000122aa0000]
CodeHeap 'profiled nmethods': size=120016Kb used=7561Kb max_used=7561Kb free=112454Kb
 bounds [0x0000000113aa0000, 0x0000000114210000, 0x000000011afd4000]
CodeHeap 'non-nmethods': size=5712Kb used=1771Kb max_used=1823Kb free=3940Kb
 bounds [0x000000011afd4000, 0x000000011b244000, 0x000000011b568000]
 total_blobs=4726 nmethods=3800 adapters=834
 compilation: enabled
              stopped_count=0, restarted_count=0
 full_count=0

Compilation events (20 events):
Event: 7.924 Thread 0x0000000a59170000 nmethod 4151 0x00000001141fcd90 code [0x00000001141fcf80, 0x00000001141fd498]
Event: 7.924 Thread 0x0000000a59170000 4153       3       java.lang.invoke.LambdaForm$MH/0x00000ffc012e9400::invoke (25 bytes)
Event: 7.924 Thread 0x0000000a59170000 nmethod 4153 0x00000001141fd690 code [0x00000001141fd840, 0x00000001141fdc48]
Event: 7.924 Thread 0x0000000a59170000 4154       3       java.lang.invoke.DirectMethodHandle$Holder::invokeStatic (15 bytes)
Event: 7.924 Thread 0x0000000a59170000 nmethod 4154 0x00000001141fdd90 code [0x00000001141fdf40, 0x00000001141fe348]
Event: 7.924 Thread 0x0000000a59170000 4155       3       sun.invoke.util.ValueConversions::unboxInteger (29 bytes)
Event: 7.924 Thread 0x0000000a59170000 nmethod 4155 0x00000001141fe490 code [0x00000001141fe680, 0x00000001141feb08]
Event: 7.924 Thread 0x0000000a59170000 4156       3       java.lang.invoke.DirectMethodHandle$Holder::invokeStatic (14 bytes)
Event: 7.924 Thread 0x0000000a59170000 nmethod 4156 0x00000001141fec90 code [0x00000001141fee40, 0x00000001141ff1c0]
Event: 7.924 Thread 0x0000000a59170000 4157       3       java.lang.Character::isIdeographic (9 bytes)
Event: 7.924 Thread 0x0000000a59170000 nmethod 4157 0x00000001141ff310 code [0x00000001141ff4c0, 0x00000001141ff700]
Event: 7.924 Thread 0x0000000a59170000 4158       3       java.lang.invoke.DirectMethodHandle$Holder::invokeStatic (14 bytes)
Event: 7.924 Thread 0x0000000a59170000 nmethod 4158 0x00000001141ff810 code [0x00000001141ffa00, 0x00000001141ffdd0]
Event: 7.924 Thread 0x0000000a59170000 4159       3       sun.invoke.util.ValueConversions::boxBoolean (5 bytes)
Event: 7.924 Thread 0x0000000a59170000 nmethod 4159 0x00000001141fff10 code [0x00000001142000c0, 0x0000000114200270]
Event: 7.924 Thread 0x0000000a59170000 4152       3       java.lang.invoke.LambdaForm$MH/0x00000ffc01328400::invoke (62 bytes)
Event: 7.925 Thread 0x0000000a59170000 nmethod 4152 0x0000000114200310 code [0x0000000114200600, 0x00000001142011b0]
Event: 7.925 Thread 0x0000000a59170000 4160       3       javafx.scene.layout.Region::getSnapScaleX (8 bytes)
Event: 7.925 Thread 0x0000000a59170000 nmethod 4160 0x0000000114201610 code [0x0000000114201880, 0x0000000114202240]
Event: 7.925 Thread 0x00000001052fcfc0 nmethod 4136 0x000000011b754710 code [0x000000011b754900, 0x000000011b754cc8]

GC Heap History (8 events):
Event: 0.377 GC heap before
{Heap before GC invocations=0 (full 0):
 garbage-first heap   total reserved 4194304K, committed 264192K, used 23568K [0x00000004d5000000, 0x00000005d5000000)
  region size 2048K, 12 young (24576K), 0 survivors (0K)
 Metaspace       used 4880K, committed 5056K, reserved 1114112K
  class space    used 500K, committed 576K, reserved 1048576K
}
Event: 0.379 GC heap after
{Heap after GC invocations=1 (full 0):
 garbage-first heap   total reserved 4194304K, committed 264192K, used 3429K [0x00000004d5000000, 0x00000005d5000000)
  region size 2048K, 2 young (4096K), 2 survivors (4096K)
 Metaspace       used 4880K, committed 5056K, reserved 1114112K
  class space    used 500K, committed 576K, reserved 1048576K
}
Event: 1.369 GC heap before
{Heap before GC invocations=1 (full 0):
 garbage-first heap   total reserved 4194304K, committed 264192K, used 64869K [0x00000004d5000000, 0x00000005d5000000)
  region size 2048K, 34 young (69632K), 2 survivors (4096K)
 Metaspace       used 21106K, committed 21504K, reserved 1114112K
  class space    used 2803K, committed 3008K, reserved 1048576K
}
Event: 1.376 GC heap after
{Heap after GC invocations=2 (full 0):
 garbage-first heap   total reserved 4194304K, committed 264192K, used 10997K [0x00000004d5000000, 0x00000005d5000000)
  region size 2048K, 5 young (10240K), 5 survivors (10240K)
 Metaspace       used 21106K, committed 21504K, reserved 1114112K
  class space    used 2803K, committed 3008K, reserved 1048576K
}
Event: 1.754 GC heap before
{Heap before GC invocations=3 (full 0):
 garbage-first heap   total reserved 4194304K, committed 49152K, used 45813K [0x00000004d5000000, 0x00000005d5000000)
  region size 2048K, 15 young (30720K), 5 survivors (10240K)
 Metaspace       used 22723K, committed 23168K, reserved 1114112K
  class space    used 2978K, committed 3200K, reserved 1048576K
}
Event: 1.760 GC heap after
{Heap after GC invocations=4 (full 0):
 garbage-first heap   total reserved 4194304K, committed 63488K, used 21885K [0x00000004d5000000, 0x00000005d5000000)
  region size 2048K, 7 young (14336K), 7 survivors (14336K)
 Metaspace       used 22723K, committed 23168K, reserved 1114112K
  class space    used 2978K, committed 3200K, reserved 1048576K
}
Event: 7.822 GC heap before
{Heap before GC invocations=4 (full 0):
 garbage-first heap   total reserved 4194304K, committed 63488K, used 40317K [0x00000004d5000000, 0x00000005d5000000)
  region size 2048K, 16 young (32768K), 7 survivors (14336K)
 Metaspace       used 23284K, committed 23680K, reserved 1114112K
  class space    used 3018K, committed 3200K, reserved 1048576K
}
Event: 7.825 GC heap after
{Heap after GC invocations=5 (full 0):
 garbage-first heap   total reserved 4194304K, committed 63488K, used 23897K [0x00000004d5000000, 0x00000005d5000000)
  region size 2048K, 2 young (4096K), 2 survivors (4096K)
 Metaspace       used 23284K, committed 23680K, reserved 1114112K
  class space    used 3018K, committed 3200K, reserved 1048576K
}

Dll operation events (15 events):
Event: 0.012 Loaded shared library /Users/halitburakyesildal/Library/Java/JavaVirtualMachines/openjdk-22.0.2/Contents/Home/lib/libjava.dylib
Event: 0.013 Loaded shared library /Users/halitburakyesildal/Library/Java/JavaVirtualMachines/openjdk-22.0.2/Contents/Home/lib/libzip.dylib
Event: 0.056 Loaded shared library /Users/halitburakyesildal/Library/Java/JavaVirtualMachines/openjdk-22.0.2/Contents/Home/lib/libnio.dylib
Event: 0.068 Loaded shared library /Users/halitburakyesildal/Library/Java/JavaVirtualMachines/openjdk-22.0.2/Contents/Home/lib/libzip.dylib
Event: 0.080 Loaded shared library /Users/halitburakyesildal/Library/Java/JavaVirtualMachines/openjdk-22.0.2/Contents/Home/lib/libnet.dylib
Event: 0.158 Loaded shared library /Users/halitburakyesildal/Library/Java/JavaVirtualMachines/openjdk-22.0.2/Contents/Home/lib/libinstrument.dylib
Event: 0.227 Loading shared library /Users/halitburakyesildal/.m2/repository/org/openjfx/javafx-graphics/21.0.6/libprism_es2.dylib failed, dlopen(/Users/halitburakyesildal/.m2/repository/org/openjfx/javafx-graphics/21.0.6/libprism_es2.dylib, 0x0001): tried: '/Users/ha
Event: 0.254 Loaded shared library /Users/halitburakyesildal/.openjfx/cache/21.0.6+3/aarch64/libprism_es2.dylib
Event: 0.304 Loading shared library /Users/halitburakyesildal/.m2/repository/org/openjfx/javafx-graphics/21.0.6/libglass.dylib failed, dlopen(/Users/halitburakyesildal/.m2/repository/org/openjfx/javafx-graphics/21.0.6/libglass.dylib, 0x0001): tried: '/Users/halitburak
Event: 0.309 Loaded shared library /Users/halitburakyesildal/.openjfx/cache/21.0.6+3/aarch64/libglass.dylib
Event: 0.451 Loaded shared library /Users/halitburakyesildal/Library/Java/JavaVirtualMachines/openjdk-22.0.2/Contents/Home/lib/libjimage.dylib
Event: 0.471 Loading shared library /Users/halitburakyesildal/.m2/repository/org/openjfx/javafx-graphics/21.0.6/libjfxwebkit.dylib failed, dlopen(/Users/halitburakyesildal/.m2/repository/org/openjfx/javafx-graphics/21.0.6/libjfxwebkit.dylib, 0x0001): tried: '/Users/ha
Event: 0.974 Loaded shared library /Users/halitburakyesildal/.openjfx/cache/21.0.6+3/aarch64/libjfxwebkit.dylib
Event: 0.987 Loading shared library /Users/halitburakyesildal/.m2/repository/org/openjfx/javafx-graphics/21.0.6/libjavafx_font.dylib failed, dlopen(/Users/halitburakyesildal/.m2/repository/org/openjfx/javafx-graphics/21.0.6/libjavafx_font.dylib, 0x0001): tried: '/User
Event: 0.990 Loaded shared library /Users/halitburakyesildal/.openjfx/cache/21.0.6+3/aarch64/libjavafx_font.dylib

Deoptimization events (20 events):
Event: 7.838 Thread 0x0000000a5b225500 DEOPT PACKING pc=0x000000011414d070 sp=0x000000016e301680
Event: 7.838 Thread 0x0000000a5b225500 DEOPT UNPACKING pc=0x000000011b016e7c sp=0x000000016e301800 mode 0
Event: 7.890 Thread 0x0000000a5b225500 Uncommon trap: trap_request=0xffffff45 fr.pc=0x000000011b724fa0 relative=0x00000000000005a0
Event: 7.890 Thread 0x0000000a5b225500 Uncommon trap: reason=unstable_if action=reinterpret pc=0x000000011b724fa0 method=com.sun.javafx.image.impl.BaseByteToByteConverter.convert(Ljava/nio/ByteBuffer;IILjava/nio/ByteBuffer;IIII)V @ 31 c2
Event: 7.890 Thread 0x0000000a5b225500 DEOPT PACKING pc=0x000000011b724fa0 sp=0x000000016e301230
Event: 7.890 Thread 0x0000000a5b225500 DEOPT UNPACKING pc=0x000000011b01701c sp=0x000000016e301040 mode 2
Event: 7.911 Thread 0x0000000a5b225500 Uncommon trap: trap_request=0xffffff45 fr.pc=0x000000011b71d13c relative=0x00000000000002fc
Event: 7.911 Thread 0x0000000a5b225500 Uncommon trap: reason=unstable_if action=reinterpret pc=0x000000011b71d13c method=com.sun.javafx.image.impl.BaseByteToByteConverter.convert(Ljava/nio/ByteBuffer;IILjava/nio/ByteBuffer;IIII)V @ 31 c2
Event: 7.911 Thread 0x0000000a5b225500 DEOPT PACKING pc=0x000000011b71d13c sp=0x000000016e301400
Event: 7.911 Thread 0x0000000a5b225500 DEOPT UNPACKING pc=0x000000011b01701c sp=0x000000016e3012d0 mode 2
Event: 7.912 Thread 0x0000000a5b225500 Uncommon trap: trap_request=0xffffff45 fr.pc=0x000000011b71db64 relative=0x00000000000002a4
Event: 7.912 Thread 0x0000000a5b225500 Uncommon trap: reason=unstable_if action=reinterpret pc=0x000000011b71db64 method=com.sun.javafx.image.impl.BaseByteToByteConverter.convert(Ljava/nio/ByteBuffer;IILjava/nio/ByteBuffer;IIII)V @ 31 c2
Event: 7.912 Thread 0x0000000a5b225500 DEOPT PACKING pc=0x000000011b71db64 sp=0x000000016e3012e0
Event: 7.912 Thread 0x0000000a5b225500 DEOPT UNPACKING pc=0x000000011b01701c sp=0x000000016e3012b0 mode 2
Event: 7.914 Thread 0x0000000a5b225500 DEOPT PACKING pc=0x000000011414d070 sp=0x000000016e301680
Event: 7.914 Thread 0x0000000a5b225500 DEOPT UNPACKING pc=0x000000011b016e7c sp=0x000000016e301800 mode 0
Event: 7.920 Thread 0x0000000a5b5a8700 Uncommon trap: trap_request=0xffffff6e fr.pc=0x000000011b654854 relative=0x0000000000000394
Event: 7.920 Thread 0x0000000a5b5a8700 Uncommon trap: reason=loop_limit_check action=maybe_recompile pc=0x000000011b654854 method=java.lang.StringLatin1.indexOf([BI[BII)I @ 37 c2
Event: 7.920 Thread 0x0000000a5b5a8700 DEOPT PACKING pc=0x000000011b654854 sp=0x000000016b03dfb0
Event: 7.920 Thread 0x0000000a5b5a8700 DEOPT UNPACKING pc=0x000000011b01701c sp=0x000000016b03df10 mode 2

Classes loaded (20 events):
Event: 7.886 Loading class com/phyex/oauth2tokentestwithpkcefx/HelloApplication
Event: 7.886 Loading class com/phyex/oauth2tokentestwithpkcefx/HelloApplication done
Event: 7.886 Loading class javafx/event/ActionEvent
Event: 7.886 Loading class javafx/event/ActionEvent done
Event: 7.887 Loading class com/sun/javafx/tk/quantum/WindowStage
Event: 7.887 Loading class com/sun/javafx/tk/quantum/WindowStage done
Event: 7.887 Loading class com/sun/javafx/tk/quantum/GlassScene
Event: 7.887 Loading class com/sun/javafx/tk/quantum/GlassScene done
Event: 7.918 Loading class com/sun/prism/GraphicsResource
Event: 7.918 Loading class com/sun/prism/GraphicsResource done
Event: 7.918 Loading class com/sun/prism/GraphicsResource
Event: 7.918 Loading class com/sun/prism/GraphicsResource done
Event: 7.919 Loading class com/sun/javafx/tk/quantum/ViewScene
Event: 7.919 Loading class com/sun/javafx/tk/quantum/ViewScene done
Event: 7.921 Loading class javafx/scene/control/skin/LabelSkin
Event: 7.921 Loading class javafx/scene/control/skin/LabelSkin done
Event: 7.921 Loading class javafx/beans/value/ObservableValue
Event: 7.921 Loading class javafx/beans/value/ObservableValue done
Event: 7.921 Loading class javafx/beans/value/ObservableValue
Event: 7.921 Loading class javafx/beans/value/ObservableValue done

Classes unloaded (0 events):
No events

Classes redefined (1 events):
Event: 0.179 Thread 0x0000000a5a83d800 redefined class name=java.lang.Throwable, count=1

Internal exceptions (20 events):
Event: 1.282 Thread 0x0000000a5b5a8700 Implicit null exception at 0x000000011b5de358 to 0x000000011b5de5b8
Event: 1.306 Thread 0x0000000a5b5a8700 Exception <a 'java/lang/IncompatibleClassChangeError'{0x00000004e112d438}: Found class java.lang.Object, but interface was expected> (0x00000004e112d438) 
thrown [open/src/hotspot/share/interpreter/linkResolver.cpp, line 841]
Event: 1.309 Thread 0x0000000a5c2bc700 Exception <a 'java/lang/NoSuchMethodError'{0x00000004e14b3bb8}: 'void java.lang.invoke.DirectMethodHandle$Holder.invokeVirtual(java.lang.Object, java.lang.Object, java.lang.Object, java.lang.Object)'> (0x00000004e14b3bb8) 
thrown [open/src/hotspot/share/interpreter/linkResolver.cpp, line 774]
Event: 1.317 Thread 0x0000000a5b5a8700 Exception <a 'java/lang/NoSuchMethodError'{0x00000004e0ebfb80}: 'int java.lang.invoke.DirectMethodHandle$Holder.invokeSpecial(java.lang.Object, java.lang.Object, int)'> (0x00000004e0ebfb80) 
thrown [open/src/hotspot/share/interpreter/linkResolver.cpp, line 774]
Event: 1.317 Thread 0x0000000a5b5a8700 Exception <a 'java/lang/NoSuchMethodError'{0x00000004e0ec7088}: 'int java.lang.invoke.DirectMethodHandle$Holder.invokeSpecial(java.lang.Object, java.lang.Object, java.lang.Object, int)'> (0x00000004e0ec7088) 
thrown [open/src/hotspot/share/interpreter/linkResolver.cpp, line 774]
Event: 1.318 Thread 0x0000000a5b5a8700 Exception <a 'java/lang/NoSuchMethodError'{0x00000004e0edb460}: 'java.lang.Object java.lang.invoke.DirectMethodHandle$Holder.invokeStatic(java.lang.Object, java.lang.Object, java.lang.Object, java.lang.Object, int)'> (0x00000004e0edb460) 
thrown [open/src/hotspot/share/interpreter/linkResolver.cpp, line 774]
Event: 1.352 Thread 0x0000000a5b5a8700 Exception <a 'java/lang/NoSuchMethodError'{0x00000004e0f65000}: 'long java.lang.invoke.DirectMethodHandle$Holder.invokeStatic(java.lang.Object, java.lang.Object, java.lang.Object)'> (0x00000004e0f65000) 
thrown [open/src/hotspot/share/interpreter/linkResolver.cpp, line 774]
Event: 1.352 Thread 0x0000000a5b5a8700 Exception <a 'java/lang/NoSuchMethodError'{0x00000004e0f68468}: 'long java.lang.invoke.DirectMethodHandle$Holder.invokeStaticInit(java.lang.Object, java.lang.Object, java.lang.Object)'> (0x00000004e0f68468) 
thrown [open/src/hotspot/share/interpreter/linkResolver.cpp, line 774]
Event: 1.352 Thread 0x0000000a5b5a8700 Exception <a 'java/lang/NoSuchMethodError'{0x00000004e0f7d390}: 'java.lang.Object java.lang.invoke.DirectMethodHandle$Holder.newInvokeSpecial(java.lang.Object, java.lang.Object, long)'> (0x00000004e0f7d390) 
thrown [open/src/hotspot/share/interpreter/linkResolver.cpp, line 774]
Event: 1.353 Thread 0x0000000a5b5a8700 Exception <a 'java/lang/NoSuchMethodError'{0x00000004e0f80a90}: 'java.lang.Object java.lang.invoke.Invokers$Holder.linkToTargetMethod(java.lang.Object, long, java.lang.Object)'> (0x00000004e0f80a90) 
thrown [open/src/hotspot/share/interpreter/linkResolver.cpp, line 774]
Event: 1.394 Thread 0x0000000a5c98c700 Exception <a 'sun/nio/fs/UnixException'{0x00000004d68de0f0}> (0x00000004d68de0f0) 
thrown [open/src/hotspot/share/prims/jni.cpp, line 520]
Event: 4.404 Thread 0x0000000a5b225500 Implicit null exception at 0x000000011b6cd2f8 to 0x000000011b6ce530
Event: 4.424 Thread 0x0000000a5b225500 Implicit null exception at 0x000000011b6cd2f8 to 0x000000011b6ce530
Event: 4.424 Thread 0x0000000a5b225500 Implicit null exception at 0x000000011b6cd2f8 to 0x000000011b6ce530
Event: 4.957 Thread 0x0000000a5b225500 Implicit null exception at 0x000000011b6cd2f8 to 0x000000011b6ce530
Event: 7.830 Thread 0x0000000a5b5a8700 Exception <a 'java/lang/NoSuchMethodError'{0x00000005d4f48468}: 'java.lang.Object java.lang.invoke.Invokers$Holder.linkToTargetMethod(java.lang.Object, long, java.lang.Object, java.lang.Object, java.lang.Object)'> (0x00000005d4f48468) 
thrown [open/src/hotspot/share/interpreter/linkResolver.cpp, line 774]
Event: 7.834 Thread 0x0000000a5c3fce00 Implicit null exception at 0x000000011b6f2c4c to 0x000000011b6f3344
Event: 7.834 Thread 0x0000000a5c3fce00 Exception <a 'java/lang/NoSuchMethodError'{0x00000004e4e08158}: 'java.lang.Object java.lang.invoke.DirectMethodHandle$Holder.newInvokeSpecial(java.lang.Object, java.lang.Object, long, long)'> (0x00000004e4e08158) 
thrown [open/src/hotspot/share/interpreter/linkResolver.cpp, line 774]
Event: 7.834 Thread 0x0000000a5c3fce00 Exception <a 'java/lang/NoSuchMethodError'{0x00000004e4e0c0d8}: 'java.lang.Object java.lang.invoke.DirectMethodHandle$Holder.invokeSpecial(java.lang.Object, java.lang.Object, java.lang.Object, long, long)'> (0x00000004e4e0c0d8) 
thrown [open/src/hotspot/share/interpreter/linkResolver.cpp, line 774]
Event: 7.834 Thread 0x0000000a5c3fce00 Exception <a 'java/lang/NoSuchMethodError'{0x00000004e4e0f9e8}: 'java.lang.Object java.lang.invoke.Invokers$Holder.linkToTargetMethod(java.lang.Object, long, long, java.lang.Object)'> (0x00000004e4e0f9e8) 
thrown [open/src/hotspot/share/interpreter/linkResolver.cpp, line 774]

ZGC Phase Switch (0 events):
No events

VM Operations (20 events):
Event: 1.578 Executing VM operation: ICBufferFull
Event: 1.578 Executing VM operation: ICBufferFull done
Event: 1.750 Executing VM operation: HandshakeAllThreads (Deoptimize)
Event: 1.750 Executing VM operation: HandshakeAllThreads (Deoptimize) done
Event: 1.754 Executing VM operation: G1CollectForAllocation (G1 Evacuation Pause)
Event: 1.760 Executing VM operation: G1CollectForAllocation (G1 Evacuation Pause) done
Event: 2.761 Executing VM operation: Cleanup
Event: 2.761 Executing VM operation: Cleanup done
Event: 3.761 Executing VM operation: Cleanup
Event: 3.761 Executing VM operation: Cleanup done
Event: 4.761 Executing VM operation: Cleanup
Event: 4.761 Executing VM operation: Cleanup done
Event: 5.761 Executing VM operation: Cleanup
Event: 5.761 Executing VM operation: Cleanup done
Event: 6.762 Executing VM operation: Cleanup
Event: 6.763 Executing VM operation: Cleanup done
Event: 7.764 Executing VM operation: Cleanup
Event: 7.764 Executing VM operation: Cleanup done
Event: 7.822 Executing VM operation: G1CollectForAllocation (G1 Evacuation Pause)
Event: 7.825 Executing VM operation: G1CollectForAllocation (G1 Evacuation Pause) done

Memory protections (20 events):
Event: 0.191 Protecting memory [0x000000016def4000,0x000000016df00000] with protection modes 0
Event: 0.219 Protecting memory [0x000000016e100000,0x000000016e10c000] with protection modes 0
Event: 0.311 Protecting memory [0x000000016e30c000,0x000000016e318000] with protection modes 0
Event: 0.311 Protecting memory [0x000000016a84c000,0x000000016a858000] with protection modes 0
Event: 0.394 Protecting memory [0x000000016e6bc000,0x000000016e6c8000] with protection modes 0
Event: 0.661 Protecting memory [0x000000016e6bc000,0x000000016e6c8000] with protection modes 3
Event: 1.022 Protecting memory [0x000000017159c000,0x00000001715a8000] with protection modes 0
Event: 1.048 Protecting memory [0x00000001717a8000,0x00000001717b4000] with protection modes 0
Event: 1.061 Protecting memory [0x00000001719b4000,0x00000001719c0000] with protection modes 0
Event: 1.223 Protecting memory [0x0000000171a40000,0x0000000171a4c000] with protection modes 0
Event: 1.230 Protecting memory [0x0000000171c4c000,0x0000000171c58000] with protection modes 0
Event: 1.256 Protecting memory [0x0000000171e58000,0x0000000171e64000] with protection modes 0
Event: 1.256 Protecting memory [0x0000000172064000,0x0000000172070000] with protection modes 0
Event: 1.313 Protecting memory [0x000000017bb30000,0x000000017bb3c000] with protection modes 0
Event: 1.314 Protecting memory [0x000000017bd3c000,0x000000017bd48000] with protection modes 0
Event: 1.393 Protecting memory [0x000000017d954000,0x000000017d960000] with protection modes 0
Event: 1.418 Protecting memory [0x000000017d9e0000,0x000000017d9ec000] with protection modes 0
Event: 1.421 Protecting memory [0x000000017dbec000,0x000000017dbf8000] with protection modes 0
Event: 1.422 Protecting memory [0x000000017ddf8000,0x000000017de04000] with protection modes 0
Event: 1.422 Protecting memory [0x000000017e004000,0x000000017e010000] with protection modes 0

Nmethod flushes (0 events):
No events

Events (20 events):
Event: 0.191 Thread 0x00000001052e16b0 Thread added: 0x0000000a5b134000
Event: 0.218 Thread 0x0000000a5b134000 Thread added: 0x0000000a5b225500
Event: 0.311 Thread 0x0000000a5b134000 Thread added: 0x0000000a5b5a8000
Event: 0.311 Thread 0x0000000a5b5a8700 Thread added: 0x0000000a5b5a8700
Event: 0.394 Thread 0x0000000a5b724700 Thread added: 0x0000000a5b724700
Event: 0.661 Thread 0x0000000a5b724700 Thread exited: 0x0000000a5b724700
Event: 1.022 Thread 0x0000000a5b5a8700 Thread added: 0x0000000a5bcbc700
Event: 1.048 Thread 0x0000000a5b5a8700 Thread added: 0x0000000a5bdcdc00
Event: 1.061 Thread 0x0000000a5be14700 Thread added: 0x0000000a5be14700
Event: 1.223 Thread 0x0000000a5b5a8700 Thread added: 0x0000000a5c264700
Event: 1.230 Thread 0x0000000a5b5a8700 Thread added: 0x0000000a5c2bc700
Event: 1.255 Thread 0x0000000a5c264700 Thread added: 0x0000000a5c3fce00
Event: 1.256 Thread 0x0000000a5c264700 Thread added: 0x0000000a5c3ff100
Event: 1.313 Thread 0x0000000a5c2bc700 Thread added: 0x0000000a5a9f0700
Event: 1.314 Thread 0x0000000a5a9f0700 Thread added: 0x0000000a5a9f1500
Event: 1.393 Thread 0x0000000a5c98c700 Thread added: 0x0000000a5c98c700
Event: 1.416 Thread 0x0000000a5b225500 Thread added: 0x0000000a5aa04e00
Event: 1.420 Thread 0x0000000a5a9f0700 Thread added: 0x0000000a5aa05c00
Event: 1.421 Thread 0x0000000a5c3fce00 Thread added: 0x0000000a5aa06300
Event: 1.422 Thread 0x0000000a5a9f1500 Thread added: 0x0000000a5aa06a00


Dynamic libraries:
0x0000000104df8000 	/Users/halitburakyesildal/Library/Java/JavaVirtualMachines/openjdk-22.0.2/Contents/Home/lib/libjli.dylib
0x00000001a6325000 	/System/Library/Frameworks/Cocoa.framework/Versions/A/Cocoa
0x000000018b086000 	/System/Library/Frameworks/AppKit.framework/Versions/C/AppKit
0x000000018e6c0000 	/System/Library/Frameworks/CoreData.framework/Versions/A/CoreData
0x0000000188483000 	/System/Library/Frameworks/Foundation.framework/Versions/C/Foundation
0x00000001969fa000 	/usr/lib/libSystem.B.dylib
0x000000018c7a9000 	/System/Library/PrivateFrameworks/UIFoundation.framework/Versions/A/UIFoundation
0x000000023ee9a000 	/System/Library/PrivateFrameworks/CollectionViewCore.framework/Versions/A/CollectionViewCore
0x0000000193cbc000 	/System/Library/PrivateFrameworks/XCTTargetBootstrap.framework/Versions/A/XCTTargetBootstrap
0x000000025129a000 	/System/Library/PrivateFrameworks/GenerativeModels.framework/Versions/A/GenerativeModels
0x000000019938a000 	/System/Library/PrivateFrameworks/InternationalSupport.framework/Versions/A/InternationalSupport
0x00000001996e6000 	/System/Library/PrivateFrameworks/UserActivity.framework/Versions/A/UserActivity
0x000000018ed55000 	/System/Library/PrivateFrameworks/BaseBoard.framework/Versions/A/BaseBoard
0x0000000248556000 	/System/Library/PrivateFrameworks/FrontBoard.framework/Versions/A/FrontBoard
0x00000001a1075000 	/System/Library/PrivateFrameworks/FrontBoardServices.framework/Versions/A/FrontBoardServices
0x00000002892dd000 	/usr/lib/libRosetta.dylib
0x000000027c688000 	/System/Library/PrivateFrameworks/UIIntelligenceSupport.framework/Versions/A/UIIntelligenceSupport
0x0000000233358000 	/System/Library/Frameworks/SwiftUICore.framework/Versions/A/SwiftUICore
0x00000002831a1000 	/System/Library/PrivateFrameworks/WritingTools.framework/Versions/A/WritingTools
0x0000000281faa000 	/System/Library/PrivateFrameworks/WindowManagement.framework/Versions/A/WindowManagement
0x00000001880f2000 	/System/Library/Frameworks/SystemConfiguration.framework/Versions/A/SystemConfiguration
0x00000001985f5000 	/usr/lib/libspindump.dylib
0x000000018c962000 	/System/Library/Frameworks/UniformTypeIdentifiers.framework/Versions/A/UniformTypeIdentifiers
0x0000000195c57000 	/usr/lib/libbsm.0.dylib
0x0000000191452000 	/usr/lib/libapp_launch_measurement.dylib
0x000000019075b000 	/System/Library/PrivateFrameworks/CoreAnalytics.framework/Versions/A/CoreAnalytics
0x0000000191456000 	/System/Library/PrivateFrameworks/CoreAutoLayout.framework/Versions/A/CoreAutoLayout
0x0000000193235000 	/System/Library/Frameworks/Metal.framework/Versions/A/Metal
0x00000001945f7000 	/usr/lib/liblangid.dylib
0x0000000193cc2000 	/System/Library/PrivateFrameworks/CoreSVG.framework/Versions/A/CoreSVG
0x000000018d3ba000 	/System/Library/PrivateFrameworks/SkyLight.framework/Versions/A/SkyLight
0x000000024828b000 	/System/Library/PrivateFrameworks/FocusEngine.framework/Versions/A/FocusEngine
0x000000018d96f000 	/System/Library/Frameworks/CoreGraphics.framework/Versions/A/CoreGraphics
0x0000000245cad000 	/System/Library/PrivateFrameworks/DesignLibrary.framework/Versions/A/DesignLibrary
0x000000019f30d000 	/System/Library/Frameworks/Accelerate.framework/Versions/A/Accelerate
0x00000001983ea000 	/System/Library/PrivateFrameworks/IconServices.framework/Versions/A/IconServices
0x000000019320d000 	/System/Library/Frameworks/IOSurface.framework/Versions/A/IOSurface
0x000000019078b000 	/usr/lib/libDiagnosticMessagesClient.dylib
0x0000000196944000 	/usr/lib/libz.1.dylib
0x00000001a374e000 	/System/Library/Frameworks/ApplicationServices.framework/Versions/A/ApplicationServices
0x0000000193ca7000 	/System/Library/PrivateFrameworks/DFRFoundation.framework/Versions/A/DFRFoundation
0x000000018a8d6000 	/usr/lib/libicucore.A.dylib
0x000000019a90e000 	/System/Library/Frameworks/AudioToolbox.framework/Versions/A/AudioToolbox
0x0000000199694000 	/System/Library/PrivateFrameworks/DataDetectorsCore.framework/Versions/A/DataDetectorsCore
0x000000027d57c000 	/System/Library/PrivateFrameworks/UpdateCycle.framework/Versions/A/UpdateCycle
0x00000001b7baa000 	/System/Library/PrivateFrameworks/TextInput.framework/Versions/A/TextInput
0x000000018d2fe000 	/usr/lib/libMobileGestalt.dylib
0x00000001939ab000 	/System/Library/Frameworks/Carbon.framework/Versions/A/Frameworks/HIToolbox.framework/Versions/A/HIToolbox
0x0000000190cb5000 	/System/Library/Frameworks/QuartzCore.framework/Versions/A/QuartzCore
0x000000018a4b8000 	/System/Library/Frameworks/Security.framework/Versions/A/Security
0x000000019ec7d000 	/System/Library/Frameworks/Carbon.framework/Versions/A/Frameworks/SpeechRecognition.framework/Versions/A/SpeechRecognition
0x000000019111d000 	/System/Library/PrivateFrameworks/CoreUI.framework/Versions/A/CoreUI
0x0000000189d22000 	/System/Library/Frameworks/CoreAudio.framework/Versions/A/CoreAudio
0x0000000190886000 	/System/Library/Frameworks/DiskArbitration.framework/Versions/A/DiskArbitration
0x0000000198b93000 	/System/Library/PrivateFrameworks/MultitouchSupport.framework/Versions/A/MultitouchSupport
0x000000018d2fc000 	/usr/lib/libenergytrace.dylib
0x00000001aaf64000 	/System/Library/PrivateFrameworks/RenderBox.framework/Versions/A/RenderBox
0x000000018af2e000 	/System/Library/Frameworks/IOKit.framework/Versions/A/IOKit
0x000000019f08e000 	/System/Library/Frameworks/CoreServices.framework/Versions/A/CoreServices
0x00000001913d9000 	/System/Library/PrivateFrameworks/PerformanceAnalysis.framework/Versions/A/PerformanceAnalysis
0x000000022bc48000 	/System/Library/Frameworks/OpenGL.framework/Versions/A/OpenGL
0x000000019149f000 	/usr/lib/libxml2.2.dylib
0x0000000195b38000 	/System/Library/PrivateFrameworks/MobileKeyBag.framework/Versions/A/MobileKeyBag
0x0000000186774000 	/usr/lib/libobjc.A.dylib
0x0000000186ae7000 	/usr/lib/libc++.1.dylib
0x000000019f00c000 	/System/Library/Frameworks/Accessibility.framework/Versions/A/Accessibility
0x000000018e0c4000 	/System/Library/Frameworks/ColorSync.framework/Versions/A/ColorSync
0x0000000186c17000 	/System/Library/Frameworks/CoreFoundation.framework/Versions/A/CoreFoundation
0x000000019403f000 	/System/Library/Frameworks/CoreImage.framework/Versions/A/CoreImage
0x0000000189af9000 	/System/Library/Frameworks/CoreText.framework/Versions/A/CoreText
0x000000022d642000 	/System/Library/Frameworks/CoreTransferable.framework/Versions/A/CoreTransferable
0x000000022db5d000 	/System/Library/Frameworks/DataDetection.framework/Versions/A/DataDetection
0x000000022db74000 	/System/Library/Frameworks/DeveloperToolsSupport.framework/Versions/A/DeveloperToolsSupport
0x0000000193d00000 	/System/Library/Frameworks/ImageIO.framework/Versions/A/ImageIO
0x00000002342b5000 	/System/Library/Frameworks/Symbols.framework/Versions/A/Symbols
0x00000001bcf0a000 	/System/Library/PrivateFrameworks/AttributeGraph.framework/Versions/A/AttributeGraph
0x00000001a114f000 	/System/Library/PrivateFrameworks/BoardServices.framework/Versions/A/BoardServices
0x00000001e1fda000 	/System/Library/PrivateFrameworks/FeatureFlags.framework/Versions/A/FeatureFlags
0x000000025173c000 	/System/Library/PrivateFrameworks/Gestures.framework/Versions/A/Gestures
0x00000001969fe000 	/System/Library/PrivateFrameworks/SoftLinking.framework/Versions/A/SoftLinking
0x00000001cbbb2000 	/usr/lib/swift/libswiftAccelerate.dylib
0x00000001c1d47000 	/usr/lib/swift/libswiftCompression.dylib
0x000000019a263000 	/usr/lib/swift/libswiftCore.dylib
0x00000001b3dec000 	/usr/lib/swift/libswiftCoreFoundation.dylib
0x00000001b3e4c000 	/usr/lib/swift/libswiftCoreImage.dylib
0x00000001a0dee000 	/usr/lib/swift/libswiftDispatch.dylib
0x00000001b3e4d000 	/usr/lib/swift/libswiftIOKit.dylib
0x00000001c1d39000 	/usr/lib/swift/libswiftMetal.dylib
0x00000001d14c9000 	/usr/lib/swift/libswiftOSLog.dylib
0x00000001a3dc1000 	/usr/lib/swift/libswiftObjectiveC.dylib
0x000000028ab17000 	/usr/lib/swift/libswiftObservation.dylib
0x00000001c711a000 	/usr/lib/swift/libswiftQuartzCore.dylib
0x000000028abd9000 	/usr/lib/swift/libswiftSpatial.dylib
0x000000028ac53000 	/usr/lib/swift/libswiftSynchronization.dylib
0x00000001cbba2000 	/usr/lib/swift/libswiftUniformTypeIdentifiers.dylib
0x00000001b3dff000 	/usr/lib/swift/libswiftXPC.dylib
0x000000028ac99000 	/usr/lib/swift/libswift_Builtin_float.dylib
0x000000028ac9a000 	/usr/lib/swift/libswift_Concurrency.dylib
0x00000001a3dc5000 	/usr/lib/swift/libswiftos.dylib
0x00000001b7927000 	/usr/lib/swift/libswiftsimd.dylib
0x0000000196c22000 	/usr/lib/libcompression.dylib
0x00000001992f3000 	/System/Library/PrivateFrameworks/TextureIO.framework/Versions/A/TextureIO
0x000000018e26c000 	/System/Library/Frameworks/ApplicationServices.framework/Versions/A/Frameworks/HIServices.framework/Versions/A/HIServices
0x0000000198074000 	/usr/lib/libate.dylib
0x00000001969f4000 	/usr/lib/system/libcache.dylib
0x00000001969af000 	/usr/lib/system/libcommonCrypto.dylib
0x00000001969da000 	/usr/lib/system/libcompiler_rt.dylib
0x00000001969cf000 	/usr/lib/system/libcopyfile.dylib
0x000000018691c000 	/usr/lib/system/libcorecrypto.dylib
0x0000000186a1b000 	/usr/lib/system/libdispatch.dylib
0x00000001867c7000 	/usr/lib/system/libdyld.dylib
0x00000001969ea000 	/usr/lib/system/libkeymgr.dylib
0x0000000196992000 	/usr/lib/system/libmacho.dylib
0x0000000195c2f000 	/usr/lib/system/libquarantine.dylib
0x00000001969e7000 	/usr/lib/system/libremovefile.dylib
0x000000018d37e000 	/usr/lib/system/libsystem_asl.dylib
0x00000001868a2000 	/usr/lib/system/libsystem_blocks.dylib
0x0000000186a66000 	/usr/lib/system/libsystem_c.dylib
0x00000001969de000 	/usr/lib/system/libsystem_collections.dylib
0x00000001945e4000 	/usr/lib/system/libsystem_configuration.dylib
0x00000001931d4000 	/usr/lib/system/libsystem_containermanager.dylib
0x00000001963ce000 	/usr/lib/system/libsystem_coreservices.dylib
0x000000018abac000 	/usr/lib/system/libsystem_darwin.dylib
0x000000028afba000 	/usr/lib/system/libsystem_darwindirectory.dylib
0x00000001969eb000 	/usr/lib/system/libsystem_dnssd.dylib
0x000000028afbe000 	/usr/lib/system/libsystem_eligibility.dylib
0x0000000186a63000 	/usr/lib/system/libsystem_featureflags.dylib
0x0000000186be7000 	/usr/lib/system/libsystem_info.dylib
0x0000000196953000 	/usr/lib/system/libsystem_m.dylib
0x00000001869ca000 	/usr/lib/system/libsystem_malloc.dylib
0x000000018d2e1000 	/usr/lib/system/libsystem_networkextension.dylib
0x000000018b017000 	/usr/lib/system/libsystem_notify.dylib
0x00000001945e9000 	/usr/lib/system/libsystem_sandbox.dylib
0x000000028afc8000 	/usr/lib/system/libsystem_sanitizers.dylib
0x00000001969e3000 	/usr/lib/system/libsystem_secinit.dylib
0x0000000186b93000 	/usr/lib/system/libsystem_kernel.dylib
0x0000000186bde000 	/usr/lib/system/libsystem_platform.dylib
0x0000000186bd1000 	/usr/lib/system/libsystem_pthread.dylib
0x000000018ef39000 	/usr/lib/system/libsystem_symptoms.dylib
0x00000001868fb000 	/usr/lib/system/libsystem_trace.dylib
0x000000028afd0000 	/usr/lib/system/libsystem_trial.dylib
0x00000001969bd000 	/usr/lib/system/libunwind.dylib
0x00000001868a6000 	/usr/lib/system/libxpc.dylib
0x0000000186b78000 	/usr/lib/libc++abi.dylib
0x000000028a825000 	/usr/lib/libswiftPrespecialized.dylib
0x00000001969fc000 	/usr/lib/libfakelink.dylib
0x000000018cf2c000 	/System/Library/Frameworks/CFNetwork.framework/Versions/A/CFNetwork
0x0000000196a4f000 	/usr/lib/libarchive.2.dylib
0x000000019cd47000 	/System/Library/Frameworks/Combine.framework/Versions/A/Combine
0x000000023eebf000 	/System/Library/PrivateFrameworks/CollectionsInternal.framework/Versions/A/CollectionsInternal
0x000000026a7d1000 	/System/Library/PrivateFrameworks/ReflectionInternal.framework/Versions/A/ReflectionInternal
0x000000026b719000 	/System/Library/PrivateFrameworks/RuntimeInternal.framework/Versions/A/RuntimeInternal
0x00000001b0c96000 	/usr/lib/swift/libswiftDarwin.dylib
0x000000028ac67000 	/usr/lib/swift/libswiftSystem.dylib
0x000000028ad26000 	/usr/lib/swift/libswift_DarwinFoundation1.dylib
0x000000028adca000 	/usr/lib/swift/libswift_StringProcessing.dylib
0x000000018aeae000 	/System/Library/PrivateFrameworks/CoreServicesInternal.framework/Versions/A/CoreServicesInternal
0x00000001969c7000 	/usr/lib/liboah.dylib
0x00000001a31f9000 	/System/Library/PrivateFrameworks/DiskImages.framework/Versions/A/DiskImages
0x00000001b073c000 	/System/Library/Frameworks/NetFS.framework/Versions/A/NetFS
0x000000019141b000 	/System/Library/Frameworks/CoreServices.framework/Versions/A/Frameworks/FSEvents.framework/Versions/A/FSEvents
0x000000018abb6000 	/System/Library/Frameworks/CoreServices.framework/Versions/A/Frameworks/CarbonCore.framework/Versions/A/CarbonCore
0x00000001907fa000 	/System/Library/Frameworks/CoreServices.framework/Versions/A/Frameworks/Metadata.framework/Versions/A/Metadata
0x00000001963d5000 	/System/Library/Frameworks/CoreServices.framework/Versions/A/Frameworks/OSServices.framework/Versions/A/OSServices
0x0000000196b47000 	/System/Library/Frameworks/CoreServices.framework/Versions/A/Frameworks/SearchKit.framework/Versions/A/SearchKit
0x000000018eeb3000 	/System/Library/Frameworks/CoreServices.framework/Versions/A/Frameworks/AE.framework/Versions/A/AE
0x0000000187175000 	/System/Library/Frameworks/CoreServices.framework/Versions/A/Frameworks/LaunchServices.framework/Versions/A/LaunchServices
0x0000000197ec8000 	/System/Library/Frameworks/CoreServices.framework/Versions/A/Frameworks/DictionaryServices.framework/Versions/A/DictionaryServices
0x0000000191428000 	/System/Library/Frameworks/CoreServices.framework/Versions/A/Frameworks/SharedFileList.framework/Versions/A/SharedFileList
0x0000000196bda000 	/usr/lib/libapple_nghttp2.dylib
0x000000018eaca000 	/usr/lib/libsqlite3.dylib
0x000000018ecb3000 	/System/Library/Frameworks/Accounts.framework/Versions/A/Accounts
0x00000001a343b000 	/System/Library/PrivateFrameworks/AppSupport.framework/Versions/A/AppSupport
0x00000001b2bb5000 	/System/Library/Frameworks/AVFoundation.framework/Versions/A/AVFoundation
0x000000019af95000 	/System/Library/Frameworks/GSS.framework/Versions/A/GSS
0x000000018ee47000 	/System/Library/PrivateFrameworks/RunningBoardServices.framework/Versions/A/RunningBoardServices
0x00000001a3d49000 	/System/Library/PrivateFrameworks/StreamingZip.framework/Versions/A/StreamingZip
0x000000018ef42000 	/System/Library/Frameworks/Network.framework/Versions/A/Network
0x0000000196996000 	/usr/lib/system/libkxld.dylib
0x000000023a526000 	/System/Library/PrivateFrameworks/AppleKeyStore.framework/Versions/A/AppleKeyStore
0x0000000288fdf000 	/usr/lib/libCoreEntitlements.dylib
0x000000025f04f000 	/System/Library/PrivateFrameworks/MessageSecurity.framework/Versions/A/MessageSecurity
0x000000018eaae000 	/System/Library/PrivateFrameworks/ProtocolBuffer.framework/Versions/A/ProtocolBuffer
0x00000001a0202000 	/System/Library/PrivateFrameworks/SymptomDiagnosticReporter.framework/Versions/A/SymptomDiagnosticReporter
0x000000019810d000 	/System/Library/PrivateFrameworks/CrashReporterSupport.framework/Versions/A/CrashReporterSupport
0x00000001963b5000 	/System/Library/PrivateFrameworks/AppleFSCompression.framework/Versions/A/AppleFSCompression
0x0000000195c3f000 	/usr/lib/libcoretls.dylib
0x0000000197f3e000 	/usr/lib/libcoretls_cfhelpers.dylib
0x0000000196c1c000 	/usr/lib/libpam.2.dylib
0x0000000197fb4000 	/usr/lib/libxar.1.dylib
0x0000000197f40000 	/System/Library/PrivateFrameworks/APFS.framework/Versions/A/APFS
0x0000000276e2c000 	/System/Library/PrivateFrameworks/SwiftASN1Internal.framework/Versions/A/SwiftASN1Internal
0x0000000197fc3000 	/usr/lib/libutil.dylib
0x00000001945f2000 	/System/Library/PrivateFrameworks/AppleSystemInfo.framework/Versions/A/AppleSystemInfo
0x0000000195907000 	/System/Library/PrivateFrameworks/IOMobileFramebuffer.framework/Versions/A/IOMobileFramebuffer
0x00000001a2b59000 	/System/Library/PrivateFrameworks/CoreWiFi.framework/Versions/A/CoreWiFi
0x00000001b3cae000 	/System/Library/PrivateFrameworks/LoggingSupport.framework/Versions/A/LoggingSupport
0x000000019aff8000 	/System/Library/PrivateFrameworks/MobileAsset.framework/Versions/A/MobileAsset
0x00000001a0212000 	/System/Library/PrivateFrameworks/PowerLog.framework/Versions/A/PowerLog
0x00000001a16ce000 	/System/Library/PrivateFrameworks/Rapport.framework/Versions/A/Rapport
0x00000002331eb000 	/System/Library/Frameworks/SwiftData.framework/Versions/A/SwiftData
0x0000000191648000 	/System/Library/PrivateFrameworks/UserManagement.framework/Versions/A/UserManagement
0x000000018ce53000 	/usr/lib/libboringssl.dylib
0x000000018ef27000 	/usr/lib/libdns_services.dylib
0x00000001b2ce9000 	/usr/lib/libquic.dylib
0x000000019a1f4000 	/usr/lib/libusrtcp.dylib
0x000000023b3da000 	/System/Library/PrivateFrameworks/AtomicsInternal.framework/Versions/A/AtomicsInternal
0x00000001d9ea4000 	/System/Library/PrivateFrameworks/InternalSwiftProtobuf.framework/Versions/A/InternalSwiftProtobuf
0x000000028aaee000 	/usr/lib/swift/libswiftDistributed.dylib
0x00000001945f0000 	/System/Library/PrivateFrameworks/AggregateDictionary.framework/Versions/A/AggregateDictionary
0x000000023bb96000 	/System/Library/PrivateFrameworks/BiomeLibrary.framework/Versions/A/BiomeLibrary
0x00000001c2d97000 	/System/Library/PrivateFrameworks/BiomeStreams.framework/Versions/A/BiomeStreams
0x00000001bee19000 	/System/Library/PrivateFrameworks/BiomeFoundation.framework/Versions/A/BiomeFoundation
0x00000001c900c000 	/System/Library/PrivateFrameworks/BiomePubSub.framework/Versions/A/BiomePubSub
0x00000001a4d2c000 	/System/Library/PrivateFrameworks/ProactiveSupport.framework/Versions/A/ProactiveSupport
0x0000000235236000 	/System/Library/Frameworks/_LocationEssentials.framework/Versions/A/_LocationEssentials
0x0000000197f1f000 	/usr/lib/liblzma.5.dylib
0x00000001a374f000 	/System/Library/PrivateFrameworks/InternationalTextSearch.framework/Versions/A/InternationalTextSearch
0x00000001bb2fe000 	/System/Library/PrivateFrameworks/SoftwareUpdateCoreSupport.framework/Versions/A/SoftwareUpdateCoreSupport
0x00000001c3835000 	/System/Library/PrivateFrameworks/SoftwareUpdateCoreConnect.framework/Versions/A/SoftwareUpdateCoreConnect
0x00000001a32f3000 	/System/Library/PrivateFrameworks/RemoteServiceDiscovery.framework/Versions/A/RemoteServiceDiscovery
0x00000001baed4000 	/System/Library/PrivateFrameworks/MSUDataAccessor.framework/Versions/A/MSUDataAccessor
0x00000001b5e79000 	/usr/lib/libbootpolicy.dylib
0x00000001a330a000 	/System/Library/PrivateFrameworks/RemoteXPC.framework/Versions/A/RemoteXPC
0x00000001c2c6b000 	/usr/lib/libFDR.dylib
0x00000001c8c0e000 	/usr/lib/libamsupport.dylib
0x00000002892d5000 	/usr/lib/libReverseProxyDevice.dylib
0x0000000239d9b000 	/System/Library/PrivateFrameworks/AppleDeviceQuerySupport.framework/Versions/A/AppleDeviceQuerySupport
0x00000001cbdca000 	/usr/lib/libpartition2_dynamic.dylib
0x0000000196bb6000 	/System/Library/PrivateFrameworks/AppleSauce.framework/Versions/A/AppleSauce
0x0000000288e8a000 	/usr/lib/libAppleArchive.dylib
0x00000001963c1000 	/usr/lib/libbz2.1.0.dylib
0x0000000190890000 	/System/Library/Frameworks/Accelerate.framework/Versions/A/Frameworks/vImage.framework/Versions/A/vImage
0x000000019f069000 	/System/Library/Frameworks/Accelerate.framework/Versions/A/Frameworks/vecLib.framework/Versions/A/vecLib
0x0000000197ffa000 	/System/Library/Frameworks/Accelerate.framework/Versions/A/Frameworks/vecLib.framework/Versions/A/libvMisc.dylib
0x0000000187679000 	/System/Library/Frameworks/Accelerate.framework/Versions/A/Frameworks/vecLib.framework/Versions/A/libBLAS.dylib
0x0000000191586000 	/System/Library/Frameworks/CoreVideo.framework/Versions/A/CoreVideo
0x000000019abac000 	/System/Library/Frameworks/ApplicationServices.framework/Versions/A/Frameworks/ATS.framework/Versions/A/ATS
0x0000000199280000 	/System/Library/Frameworks/ApplicationServices.framework/Versions/A/Frameworks/PrintCore.framework/Versions/A/PrintCore
0x000000019af5e000 	/System/Library/Frameworks/ApplicationServices.framework/Versions/A/Frameworks/QD.framework/Versions/A/QD
0x000000019af59000 	/System/Library/Frameworks/ApplicationServices.framework/Versions/A/Frameworks/ColorSyncLegacy.framework/Versions/A/ColorSyncLegacy
0x000000019ab7e000 	/System/Library/Frameworks/ApplicationServices.framework/Versions/A/Frameworks/SpeechSynthesis.framework/Versions/A/SpeechSynthesis
0x00000001936db000 	/System/Library/PrivateFrameworks/FontServices.framework/libFontParser.dylib
0x00000001a301b000 	/System/Library/PrivateFrameworks/BackBoardServices.framework/Versions/A/BackBoardServices
0x000000023ba9b000 	/System/Library/PrivateFrameworks/BackBoardHIDEventFoundation.framework/Versions/A/BackBoardHIDEventFoundation
0x0000000189615000 	/System/Library/Frameworks/CoreDisplay.framework/Versions/A/CoreDisplay
0x0000000198bd9000 	/System/Library/Frameworks/VideoToolbox.framework/Versions/A/VideoToolbox
0x0000000196c1a000 	/System/Library/Frameworks/MetalPerformanceShaders.framework/Versions/A/MetalPerformanceShaders
0x00000002696fd000 	/System/Library/PrivateFrameworks/ProDisplayLibrary.framework/Versions/A/ProDisplayLibrary
0x00000001a6e3a000 	/System/Library/PrivateFrameworks/IOSurfaceAccelerator.framework/Versions/A/IOSurfaceAccelerator
0x000000019322a000 	/System/Library/PrivateFrameworks/IOAccelerator.framework/Versions/A/IOAccelerator
0x0000000193539000 	/System/Library/Frameworks/CoreMedia.framework/Versions/A/CoreMedia
0x000000018d396000 	/System/Library/PrivateFrameworks/TCC.framework/Versions/A/TCC
0x0000000198b91000 	/System/Library/PrivateFrameworks/WatchdogClient.framework/Versions/A/WatchdogClient
0x00000001b3dcc000 	/usr/lib/swift/libswiftCoreAudio.dylib
0x00000001cfd1b000 	/usr/lib/swift/libswiftCoreMedia.dylib
0x000000028ac81000 	/usr/lib/swift/libswiftVideoToolbox.dylib
0x00000001c906d000 	/System/Library/PrivateFrameworks/BiomeStorage.framework/Versions/A/BiomeStorage
0x0000000257da0000 	/System/Library/PrivateFrameworks/IntelligencePlatformLibrary.framework/Versions/A/IntelligencePlatformLibrary
0x00000002684c5000 	/System/Library/PrivateFrameworks/PoirotSchematizer.framework/Versions/A/PoirotSchematizer
0x000000023c444000 	/System/Library/PrivateFrameworks/BiomeSync.framework/Versions/A/BiomeSync
0x000000023bb7c000 	/System/Library/PrivateFrameworks/BiomeDSL.framework/Versions/A/BiomeDSL
0x0000000268533000 	/System/Library/PrivateFrameworks/PoirotUDFs.framework/Versions/A/PoirotUDFs
0x000000028ad29000 	/usr/lib/swift/libswift_DarwinFoundation2.dylib
0x000000028ad2a000 	/usr/lib/swift/libswift_DarwinFoundation3.dylib
0x00000001a16c3000 	/System/Library/PrivateFrameworks/CoreTime.framework/Versions/A/CoreTime
0x0000000196a34000 	/usr/lib/libiconv.2.dylib
0x0000000196991000 	/usr/lib/libcharset.1.dylib
0x0000000268488000 	/System/Library/PrivateFrameworks/PoirotSQLite.framework/Versions/A/PoirotSQLite
0x000000028ad2b000 	/usr/lib/swift/libswift_RegexParser.dylib
0x000000023da72000 	/System/Library/PrivateFrameworks/CascadeSets.framework/Versions/A/CascadeSets
0x000000019b16e000 	/System/Library/PrivateFrameworks/CorePhoneNumbers.framework/Versions/A/CorePhoneNumbers
0x000000019898b000 	/System/Library/PrivateFrameworks/AppleJPEG.framework/Versions/A/AppleJPEG
0x0000000198364000 	/usr/lib/libexpat.1.dylib
0x0000000199156000 	/System/Library/Frameworks/ImageIO.framework/Versions/A/Resources/libPng.dylib
0x0000000199181000 	/System/Library/Frameworks/ImageIO.framework/Versions/A/Resources/libTIFF.dylib
0x0000000199269000 	/System/Library/Frameworks/ImageIO.framework/Versions/A/Resources/libGIF.dylib
0x00000001989d0000 	/System/Library/Frameworks/ImageIO.framework/Versions/A/Resources/libJP2.dylib
0x0000000199210000 	/System/Library/Frameworks/ImageIO.framework/Versions/A/Resources/libJPEG.dylib
0x0000000199207000 	/System/Library/Frameworks/ImageIO.framework/Versions/A/Resources/libRadiance.dylib
0x000000024dae9000 	/System/Library/PrivateFrameworks/GPUCompiler.framework/Versions/32023/Libraries/libllvm-flatbuffers.dylib
0x0000000248549000 	/System/Library/PrivateFrameworks/FramePacing.framework/Versions/A/FramePacing
0x000000022bc3a000 	/System/Library/Frameworks/OpenGL.framework/Versions/A/Libraries/libCoreFSCache.dylib
0x0000000249676000 	/System/Library/PrivateFrameworks/GPUCompiler.framework/Versions/32023/Libraries/libGPUCompilerUtils.dylib
0x00000001a121c000 	/System/Library/PrivateFrameworks/GraphicsServices.framework/Versions/A/GraphicsServices
0x000000022bc99000 	/System/Library/Frameworks/OpenGL.framework/Versions/A/Libraries/libGLU.dylib
0x000000022bc5c000 	/System/Library/Frameworks/OpenGL.framework/Versions/A/Libraries/libGFXShared.dylib
0x000000022be29000 	/System/Library/Frameworks/OpenGL.framework/Versions/A/Libraries/libGL.dylib
0x000000022bc65000 	/System/Library/Frameworks/OpenGL.framework/Versions/A/Libraries/libGLImage.dylib
0x000000022bc59000 	/System/Library/Frameworks/OpenGL.framework/Versions/A/Libraries/libCVMSPluginSupport.dylib
0x000000022bc42000 	/System/Library/Frameworks/OpenGL.framework/Versions/A/Libraries/libCoreVMClient.dylib
0x0000000199202000 	/System/Library/PrivateFrameworks/GPUWrangler.framework/Versions/A/GPUWrangler
0x00000001991e2000 	/System/Library/PrivateFrameworks/IOPresentment.framework/Versions/A/IOPresentment
0x000000019920a000 	/System/Library/PrivateFrameworks/DSExternalDisplay.framework/Versions/A/DSExternalDisplay
0x000000027ec48000 	/System/Library/PrivateFrameworks/VideoToolboxParavirtualizationSupport.framework/Versions/A/VideoToolboxParavirtualizationSupport
0x000000019831b000 	/System/Library/PrivateFrameworks/AppleVA.framework/Versions/A/AppleVA
0x000000022dcbe000 	/System/Library/Frameworks/ExtensionFoundation.framework/Versions/A/ExtensionFoundation
0x000000019926f000 	/System/Library/PrivateFrameworks/CMCaptureCore.framework/Versions/A/CMCaptureCore
0x00000001985e8000 	/System/Library/PrivateFrameworks/AppServerSupport.framework/Versions/A/AppServerSupport
0x000000019af67000 	/System/Library/PrivateFrameworks/perfdata.framework/Versions/A/perfdata
0x0000000189736000 	/System/Library/PrivateFrameworks/AudioToolboxCore.framework/Versions/A/AudioToolboxCore
0x000000019350f000 	/System/Library/PrivateFrameworks/caulk.framework/Versions/A/caulk
0x000000019ab64000 	/usr/lib/libAudioStatistics.dylib
0x00000001b2dde000 	/System/Library/PrivateFrameworks/SystemPolicy.framework/Versions/A/SystemPolicy
0x000000019ae0c000 	/usr/lib/libSMC.dylib
0x00000001ba6f8000 	/usr/lib/swift/libswiftCoreMIDI.dylib
0x00000001a6132000 	/System/Library/Frameworks/CoreMIDI.framework/Versions/A/CoreMIDI
0x0000000199130000 	/usr/lib/libAudioToolboxUtility.dylib
0x000000019af75000 	/usr/lib/libperfcheck.dylib
0x000000023b4a9000 	/System/Library/PrivateFrameworks/AudioAnalytics.framework/Versions/A/AudioAnalytics
0x00000001d9b96000 	/System/Library/Frameworks/OSLog.framework/Versions/A/OSLog
0x0000000263f49000 	/System/Library/PrivateFrameworks/OSEligibility.framework/Versions/A/OSEligibility
0x000000022f0a9000 	/System/Library/Frameworks/LightweightCodeRequirements.framework/Versions/A/LightweightCodeRequirements
0x0000000198264000 	/System/Library/PrivateFrameworks/PlugInKit.framework/Versions/A/PlugInKit
0x0000000195b50000 	/System/Library/PrivateFrameworks/AssertionServices.framework/Versions/A/AssertionServices
0x0000000198389000 	/System/Library/PrivateFrameworks/IconFoundation.framework/Versions/A/IconFoundation
0x000000025490e000 	/System/Library/PrivateFrameworks/IconRendering.framework/Versions/A/IconRendering
0x000000026b8e5000 	/System/Library/PrivateFrameworks/SFSymbols.framework/Versions/A/SFSymbols
0x0000000198598000 	/System/Library/PrivateFrameworks/GraphVisualizer.framework/Versions/A/GraphVisualizer
0x0000000248454000 	/System/Library/PrivateFrameworks/FontServices.framework/Versions/A/FontServices
0x00000001985a8000 	/System/Library/PrivateFrameworks/OTSVG.framework/Versions/A/OTSVG
0x00000001910cb000 	/System/Library/Frameworks/ApplicationServices.framework/Versions/A/Frameworks/ATS.framework/Versions/A/Resources/libFontRegistry.dylib
0x0000000289e65000 	/usr/lib/libhvf.dylib
0x0000000264bc9000 	/System/Library/PrivateFrameworks/ParsingInternal.framework/Versions/A/ParsingInternal
0x0000000248458000 	/System/Library/PrivateFrameworks/FontServices.framework/libXTFontStaticRegistryData.dylib
0x000000019452a000 	/System/Library/Frameworks/MetalPerformanceShaders.framework/Versions/A/Frameworks/MPSCore.framework/Versions/A/MPSCore
0x0000000196320000 	/System/Library/Frameworks/MetalPerformanceShaders.framework/Versions/A/Frameworks/MPSImage.framework/Versions/A/MPSImage
0x0000000195cdf000 	/System/Library/Frameworks/MetalPerformanceShaders.framework/Versions/A/Frameworks/MPSNeuralNetwork.framework/Versions/A/MPSNeuralNetwork
0x000000019611e000 	/System/Library/Frameworks/MetalPerformanceShaders.framework/Versions/A/Frameworks/MPSMatrix.framework/Versions/A/MPSMatrix
0x0000000195f36000 	/System/Library/Frameworks/MetalPerformanceShaders.framework/Versions/A/Frameworks/MPSRayIntersector.framework/Versions/A/MPSRayIntersector
0x0000000196150000 	/System/Library/Frameworks/MetalPerformanceShaders.framework/Versions/A/Frameworks/MPSNDArray.framework/Versions/A/MPSNDArray
0x000000022ff2a000 	/System/Library/Frameworks/MetalPerformanceShaders.framework/Versions/A/Frameworks/MPSFunctions.framework/Versions/A/MPSFunctions
0x000000022ff0b000 	/System/Library/Frameworks/MetalPerformanceShaders.framework/Versions/A/Frameworks/MPSBenchmarkLoop.framework/Versions/A/MPSBenchmarkLoop
0x000000022ff3e000 	/System/Library/Frameworks/MetalPerformanceShaders.framework/Versions/A/Frameworks/MPSHost.framework/Versions/A/MPSHost
0x0000000187490000 	/System/Library/PrivateFrameworks/MetalTools.framework/Versions/A/MetalTools
0x00000001b903d000 	/System/Library/PrivateFrameworks/IOAccelMemoryInfo.framework/Versions/A/IOAccelMemoryInfo
0x00000001c750d000 	/System/Library/PrivateFrameworks/kperf.framework/Versions/A/kperf
0x00000001b3dc8000 	/System/Library/PrivateFrameworks/GPURawCounter.framework/Versions/A/GPURawCounter
0x00000001a4eb7000 	/System/Library/PrivateFrameworks/ASEProcessing.framework/Versions/A/ASEProcessing
0x00000001d558f000 	/System/Library/PrivateFrameworks/Symbolication.framework/Versions/A/Symbolication
0x0000000268074000 	/System/Library/PrivateFrameworks/PhotosensitivityProcessing.framework/Versions/A/PhotosensitivityProcessing
0x000000026b96b000 	/System/Library/PrivateFrameworks/SILManager.framework/Versions/A/SILManager
0x00000001a1567000 	/System/Library/PrivateFrameworks/CoreSymbolication.framework/Versions/A/CoreSymbolication
0x00000001b3d3d000 	/System/Library/PrivateFrameworks/MallocStackLogging.framework/Versions/A/MallocStackLogging
0x00000001a1545000 	/System/Library/PrivateFrameworks/DebugSymbols.framework/Versions/A/DebugSymbols
0x00000001c5c84000 	/System/Library/PrivateFrameworks/OSAnalytics.framework/Versions/A/OSAnalytics
0x00000002461bb000 	/System/Library/PrivateFrameworks/DeviceRecovery.framework/Versions/A/DeviceRecovery
0x000000027a53f000 	/System/Library/PrivateFrameworks/Tightbeam.framework/Versions/A/Tightbeam
0x00000001cc337000 	/System/Library/PrivateFrameworks/AFKUser.framework/Versions/A/AFKUser
0x0000000196788000 	/System/Library/Frameworks/UserNotifications.framework/Versions/A/UserNotifications
0x00000001b97ca000 	/System/Library/PrivateFrameworks/SiriInstrumentation.framework/Versions/A/SiriInstrumentation
0x000000026dda2000 	/System/Library/PrivateFrameworks/SiriAnalytics.framework/Versions/A/SiriAnalytics
0x00000001b6f5e000 	/System/Library/PrivateFrameworks/FeedbackLogger.framework/Versions/A/FeedbackLogger
0x00000001d1761000 	/usr/lib/swift/libswiftAVFoundation.dylib
0x000000027cd63000 	/System/Library/PrivateFrameworks/UnifiedAssetFramework.framework/Versions/A/UnifiedAssetFramework
0x000000019aae3000 	/System/Library/PrivateFrameworks/AudioSession.framework/Versions/A/AudioSession
0x00000001984a9000 	/System/Library/PrivateFrameworks/MediaExperience.framework/Versions/A/MediaExperience
0x000000019a8b8000 	/System/Library/PrivateFrameworks/AudioSession.framework/libSessionUtility.dylib
0x00000001a00f7000 	/System/Library/Frameworks/CoreBluetooth.framework/Versions/A/CoreBluetooth
0x00000001959c4000 	/System/Library/PrivateFrameworks/CoreUtils.framework/Versions/A/CoreUtils
0x00000001abc96000 	/System/Library/PrivateFrameworks/HID.framework/Versions/A/HID
0x0000000245462000 	/System/Library/PrivateFrameworks/CoreUtilsExtras.framework/Versions/A/CoreUtilsExtras
0x0000000254863000 	/System/Library/PrivateFrameworks/IO80211.framework/Versions/A/IO80211
0x000000019ca95000 	/System/Library/Frameworks/IOBluetooth.framework/Versions/A/IOBluetooth
0x000000028ab36000 	/usr/lib/swift/libswiftRegexBuilder.dylib
0x0000000198104000 	/usr/lib/libIOReport.dylib
0x00000001e205e000 	/System/Library/PrivateFrameworks/WiFiPeerToPeer.framework/Versions/A/WiFiPeerToPeer
0x0000000195b5f000 	/System/Library/Frameworks/SecurityFoundation.framework/Versions/A/SecurityFoundation
0x000000023db26000 	/System/Library/PrivateFrameworks/Centauri.framework/Versions/A/Centauri
0x0000000187e74000 	/System/Library/PrivateFrameworks/Lexicon.framework/Versions/A/Lexicon
0x000000028a2b5000 	/usr/lib/libmrc.dylib
0x00000002548ce000 	/System/Library/PrivateFrameworks/IPConfiguration.framework/Versions/A/IPConfiguration
0x00000001d5d67000 	/System/Library/PrivateFrameworks/Netrb.framework/Versions/A/Netrb
0x0000000195cc8000 	/usr/lib/libgermantok.dylib
0x0000000194719000 	/System/Library/PrivateFrameworks/LinguisticData.framework/Versions/A/LinguisticData
0x00000001a0300000 	/System/Library/PrivateFrameworks/MediaKit.framework/Versions/A/MediaKit
0x00000001a024e000 	/System/Library/Frameworks/DiscRecording.framework/Versions/A/DiscRecording
0x000000019837f000 	/usr/lib/libheimdal-asn1.dylib
0x00000001a3d1f000 	/System/Library/Frameworks/AudioUnit.framework/Versions/A/AudioUnit
0x00000001913e3000 	/System/Library/Frameworks/OpenDirectory.framework/Versions/A/OpenDirectory
0x00000001913f1000 	/System/Library/Frameworks/OpenDirectory.framework/Versions/A/Frameworks/CFOpenDirectory.framework/Versions/A/CFOpenDirectory
0x000000019ce3b000 	/System/Library/PrivateFrameworks/GeoServices.framework/Versions/A/GeoServices
0x000000019a87e000 	/System/Library/PrivateFrameworks/LocationSupport.framework/Versions/A/LocationSupport
0x000000025158e000 	/System/Library/PrivateFrameworks/GeoServicesCore.framework/Versions/A/GeoServicesCore
0x00000001acb95000 	/System/Library/PrivateFrameworks/PhoneNumbers.framework/Versions/A/PhoneNumbers
0x0000000259d2b000 	/System/Library/PrivateFrameworks/LocationLogEncryption.framework/Versions/A/LocationLogEncryption
0x000000022c1b5000 	/System/Library/Frameworks/AVFAudio.framework/Versions/A/AVFAudio
0x000000022c2f9000 	/System/Library/Frameworks/AVRouting.framework/Versions/A/AVRouting
0x00000001accad000 	/usr/lib/libAccessibility.dylib
0x000000025871c000 	/System/Library/PrivateFrameworks/IsolatedCoreAudioClient.framework/Versions/A/IsolatedCoreAudioClient
0x00000002412b8000 	/System/Library/PrivateFrameworks/CoreAudioOrchestration.framework/Versions/A/CoreAudioOrchestration
0x0000000199757000 	/System/Library/Frameworks/MediaToolbox.framework/Versions/A/MediaToolbox
0x00000001a0426000 	/System/Library/PrivateFrameworks/CoreAVCHD.framework/Versions/A/CoreAVCHD
0x000000019f35c000 	/System/Library/Frameworks/MediaAccessibility.framework/Versions/A/MediaAccessibility
0x00000001a0422000 	/System/Library/PrivateFrameworks/Mangrove.framework/Versions/A/Mangrove
0x000000023d164000 	/System/Library/PrivateFrameworks/CMPhoto.framework/Versions/A/CMPhoto
0x00000001a0bea000 	/System/Library/Frameworks/CoreTelephony.framework/Versions/A/CoreTelephony
0x00000001a0415000 	/System/Library/PrivateFrameworks/CoreAUC.framework/Versions/A/CoreAUC
0x000000023a357000 	/System/Library/PrivateFrameworks/AppleJPEGXL.framework/Versions/A/AppleJPEGXL
0x000000019b17e000 	/usr/lib/libTelephonyUtilDynamic.dylib
0x00000001dcbfd000 	/System/Library/Frameworks/CryptoKit.framework/Versions/A/CryptoKit
0x00000001a3d1a000 	/System/Library/PrivateFrameworks/CryptoKitCBridging.framework/Versions/A/CryptoKitCBridging
0x00000001a122e000 	/System/Library/Frameworks/CryptoTokenKit.framework/Versions/A/CryptoTokenKit
0x0000000245c3d000 	/System/Library/PrivateFrameworks/Dendrite.framework/Versions/A/Dendrite
0x00000001b3972000 	/System/Library/Frameworks/NaturalLanguage.framework/Versions/A/NaturalLanguage
0x00000001e1fe6000 	/usr/lib/swift/libswiftNaturalLanguage.dylib
0x000000023aec9000 	/System/Library/PrivateFrameworks/AppleMobileFileIntegrity.framework/Versions/A/AppleMobileFileIntegrity
0x000000028934c000 	/usr/lib/libTLE.dylib
0x00000001b3d6f000 	/usr/lib/libmis.dylib
0x00000001eb602000 	/System/Library/PrivateFrameworks/ConfigProfileHelper.framework/Versions/A/ConfigProfileHelper
0x00000001a3ea9000 	/System/Library/PrivateFrameworks/Espresso.framework/Versions/A/Espresso
0x0000000191b70000 	/System/Library/Frameworks/CoreML.framework/Versions/A/CoreML
0x00000001dfea6000 	/usr/lib/libedit.3.dylib
0x0000000228fc4000 	/System/Library/PrivateFrameworks/ANECompiler.framework/Versions/A/ANECompiler
0x00000001a5f77000 	/System/Library/PrivateFrameworks/AppleNeuralEngine.framework/Versions/A/AppleNeuralEngine
0x0000000259e49000 	/System/Library/PrivateFrameworks/MIL.framework/Versions/A/MIL
0x000000022ff44000 	/System/Library/Frameworks/MetalPerformanceShadersGraph.framework/Versions/A/MetalPerformanceShadersGraph
0x000000025a5b8000 	/System/Library/PrivateFrameworks/MLCompilerServices.framework/Versions/A/MLCompilerServices
0x00000001a4cfb000 	/System/Library/PrivateFrameworks/ANEServices.framework/Versions/A/ANEServices
0x00000001b9000000 	/usr/lib/libncurses.5.4.dylib
0x000000018b029000 	/usr/lib/libsandbox.1.dylib
0x00000001982a5000 	/usr/lib/libMatch.1.dylib
0x0000000263ccb000 	/System/Library/PrivateFrameworks/ODIE.framework/Versions/A/ODIE
0x000000025d245000 	/System/Library/PrivateFrameworks/MLModelAsset.framework/Versions/A/MLModelAsset
0x000000025a55e000 	/System/Library/PrivateFrameworks/MLCompilerRuntime.framework/Versions/A/MLCompilerRuntime
0x0000000195f8b000 	/System/Library/Frameworks/MLCompute.framework/Versions/A/MLCompute
0x000000025a4e0000 	/System/Library/PrivateFrameworks/MLAssetIO.framework/Versions/A/MLAssetIO
0x000000028ab08000 	/usr/lib/swift/libswiftMLCompute.dylib
0x00000001a0e05000 	/System/Library/PrivateFrameworks/AVFCore.framework/Versions/A/AVFCore
0x00000001aa5b6000 	/System/Library/PrivateFrameworks/AVFCapture.framework/Versions/A/AVFCapture
0x000000023cf5b000 	/System/Library/PrivateFrameworks/CMImaging.framework/Versions/A/CMImaging
0x00000001aa7f8000 	/System/Library/PrivateFrameworks/Quagga.framework/Versions/A/Quagga
0x00000001aa929000 	/System/Library/PrivateFrameworks/CMCapture.framework/Versions/A/CMCapture
0x000000019ad09000 	/System/Library/Frameworks/CoreMediaIO.framework/Versions/A/CoreMediaIO
0x000000023ce96000 	/System/Library/PrivateFrameworks/CMCaptureDevice.framework/Versions/A/CMCaptureDevice
0x00000001986e1000 	/System/Library/PrivateFrameworks/CoreBrightness.framework/Versions/A/CoreBrightness
0x000000023e01c000 	/System/Library/PrivateFrameworks/CinematicFraming.framework/Versions/A/CinematicFraming
0x0000000260318000 	/System/Library/PrivateFrameworks/ModelManagerServices.framework/Versions/A/ModelManagerServices
0x00000001ce7d6000 	/System/Library/PrivateFrameworks/CPMS.framework/Versions/A/CPMS
0x0000000277c79000 	/System/Library/PrivateFrameworks/SystemStatus.framework/Versions/A/SystemStatus
0x00000001b27b3000 	/System/Library/Frameworks/CoreMotion.framework/Versions/A/CoreMotion
0x00000001c2d16000 	/System/Library/PrivateFrameworks/TimeSync.framework/Versions/A/TimeSync
0x00000002465ee000 	/System/Library/PrivateFrameworks/DistributedSensing.framework/Versions/A/DistributedSensing
0x00000001be130000 	/System/Library/PrivateFrameworks/MobileBluetooth.framework/Versions/A/MobileBluetooth
0x00000001c49d2000 	/System/Library/PrivateFrameworks/IOKitten.framework/Versions/A/IOKitten
0x000000023a1d5000 	/System/Library/PrivateFrameworks/AppleIntelligenceReporting.framework/Versions/A/AppleIntelligenceReporting
0x00000001958d3000 	/System/Library/PrivateFrameworks/CoreEmoji.framework/Versions/A/CoreEmoji
0x0000000188186000 	/usr/lib/libCRFSuite.dylib
0x0000000189466000 	/System/Library/PrivateFrameworks/LanguageModeling.framework/Versions/A/LanguageModeling
0x00000001945f9000 	/System/Library/PrivateFrameworks/CoreNLP.framework/Versions/A/CoreNLP
0x000000018e3d5000 	/System/Library/PrivateFrameworks/Montreal.framework/Versions/A/Montreal
0x0000000196a3c000 	/usr/lib/libcmph.dylib
0x0000000195c69000 	/usr/lib/libmecab.dylib
0x0000000196bad000 	/usr/lib/libThaiTokenizer.dylib
0x000000025137d000 	/System/Library/PrivateFrameworks/GenerativeModelsFoundation.framework/Versions/A/GenerativeModelsFoundation
0x000000027aa42000 	/System/Library/PrivateFrameworks/TokenGeneration.framework/Versions/A/TokenGeneration
0x0000000251150000 	/System/Library/PrivateFrameworks/GenerativeFunctions.framework/Versions/A/GenerativeFunctions
0x000000025119e000 	/System/Library/PrivateFrameworks/GenerativeFunctionsFoundation.framework/Versions/A/GenerativeFunctionsFoundation
0x000000025ffdd000 	/System/Library/PrivateFrameworks/ModelCatalog.framework/Versions/A/ModelCatalog
0x000000026cfc0000 	/System/Library/PrivateFrameworks/SensitiveContentAnalysisML.framework/Versions/A/SensitiveContentAnalysisML
0x0000000251234000 	/System/Library/PrivateFrameworks/GenerativeFunctionsInstrumentation.framework/Versions/A/GenerativeFunctionsInstrumentation
0x0000000269e63000 	/System/Library/PrivateFrameworks/PromptKit.framework/Versions/A/PromptKit
0x000000026989c000 	/System/Library/PrivateFrameworks/ProactiveDaemonSupport.framework/Versions/A/ProactiveDaemonSupport
0x000000027ac7a000 	/System/Library/PrivateFrameworks/TokenGenerationCore.framework/Versions/A/TokenGenerationCore
0x00000001b483b000 	/System/Library/PrivateFrameworks/Trial.framework/Versions/A/Trial
0x00000001b47bc000 	/System/Library/PrivateFrameworks/TrialProto.framework/Versions/A/TrialProto
0x0000000239e02000 	/System/Library/PrivateFrameworks/AppleFlatBuffers.framework/Versions/A/AppleFlatBuffers
0x000000026d290000 	/System/Library/PrivateFrameworks/SentencePieceInternal.framework/Versions/A/SentencePieceInternal
0x000000019f3b5000 	/System/Library/Frameworks/Vision.framework/Versions/A/Vision
0x000000024515b000 	/System/Library/PrivateFrameworks/CoreSceneUnderstanding.framework/Versions/A/CoreSceneUnderstanding
0x000000027f84c000 	/System/Library/PrivateFrameworks/VisionCore.framework/Versions/A/VisionCore
0x00000001bd0bf000 	/System/Library/Frameworks/Vision.framework/libfaceCore.dylib
0x00000001bdbd9000 	/System/Library/PrivateFrameworks/Futhark.framework/Versions/A/Futhark
0x00000001c1b00000 	/System/Library/PrivateFrameworks/InertiaCam.framework/Versions/A/InertiaCam
0x00000001bd966000 	/System/Library/PrivateFrameworks/TextRecognition.framework/Versions/A/TextRecognition
0x0000000198142000 	/System/Library/PrivateFrameworks/CVNLP.framework/Versions/A/CVNLP
0x00000001da07b000 	/System/Library/PrivateFrameworks/HIDDisplay.framework/Versions/A/HIDDisplay
0x000000019923b000 	/System/Library/Frameworks/ApplicationServices.framework/Versions/A/Frameworks/ATSUI.framework/Versions/A/ATSUI
0x000000019aeed000 	/usr/lib/libcups.2.dylib
0x000000019af83000 	/System/Library/Frameworks/Kerberos.framework/Versions/A/Kerberos
0x000000019abf4000 	/usr/lib/libresolv.9.dylib
0x00000001985fc000 	/System/Library/PrivateFrameworks/Heimdal.framework/Versions/A/Heimdal
0x00000001a3d1e000 	/System/Library/Frameworks/Kerberos.framework/Versions/A/Libraries/libHeimdalProxy.dylib
0x000000019afe7000 	/System/Library/PrivateFrameworks/CommonAuth.framework/Versions/A/CommonAuth
0x00000001acba1000 	/System/Library/PrivateFrameworks/AXCoreUtilities.framework/Versions/A/AXCoreUtilities
0x0000000288e4d000 	/usr/lib/libAXSafeCategoryBundle.dylib
0x00000002342cf000 	/System/Library/Frameworks/TabularData.framework/Versions/A/TabularData
0x000000023b078000 	/System/Library/PrivateFrameworks/ArgumentParserInternal.framework/Versions/A/ArgumentParserInternal
0x0000000195795000 	/System/Library/Frameworks/Accelerate.framework/Versions/A/Frameworks/vecLib.framework/Versions/A/libvDSP.dylib
0x0000000196cf7000 	/System/Library/Frameworks/Accelerate.framework/Versions/A/Frameworks/vecLib.framework/Versions/A/libLAPACK.dylib
0x0000000195ccb000 	/System/Library/Frameworks/Accelerate.framework/Versions/A/Frameworks/vecLib.framework/Versions/A/libLinearAlgebra.dylib
0x0000000196bf3000 	/System/Library/Frameworks/Accelerate.framework/Versions/A/Frameworks/vecLib.framework/Versions/A/libSparseBLAS.dylib
0x0000000196cf2000 	/System/Library/Frameworks/Accelerate.framework/Versions/A/Frameworks/vecLib.framework/Versions/A/libQuadrature.dylib
0x0000000194720000 	/System/Library/Frameworks/Accelerate.framework/Versions/A/Frameworks/vecLib.framework/Versions/A/libBNNS.dylib
0x0000000187f84000 	/System/Library/Frameworks/Accelerate.framework/Versions/A/Frameworks/vecLib.framework/Versions/A/libSparse.dylib
0x000000019af4c000 	/System/Library/PrivateFrameworks/NetAuth.framework/Versions/A/NetAuth
0x0000000191607000 	/System/Library/PrivateFrameworks/login.framework/Versions/A/Frameworks/loginsupport.framework/Versions/A/loginsupport
0x0000000195c33000 	/usr/lib/libCheckFix.dylib
0x000000019078d000 	/System/Library/PrivateFrameworks/MetadataUtilities.framework/Versions/A/MetadataUtilities
0x0000000255363000 	/System/Library/PrivateFrameworks/InstalledContentLibrary.framework/Versions/A/InstalledContentLibrary
0x000000018aeee000 	/System/Library/PrivateFrameworks/CoreServicesStore.framework/Versions/A/CoreServicesStore
0x00000001c7624000 	/System/Library/PrivateFrameworks/MobileSystemServices.framework/Versions/A/MobileSystemServices
0x0000000197fc7000 	/usr/lib/libxslt.1.dylib
0x0000000195bf2000 	/System/Library/PrivateFrameworks/BackgroundTaskManagement.framework/Versions/A/BackgroundTaskManagement
0x00000001a33b4000 	/usr/lib/libcurl.4.dylib
0x0000000289c19000 	/usr/lib/libcrypto.46.dylib
0x000000028a7b2000 	/usr/lib/libssl.48.dylib
0x00000001a308e000 	/System/Library/Frameworks/LDAP.framework/Versions/A/LDAP
0x00000001a30ca000 	/System/Library/PrivateFrameworks/TrustEvaluationAgent.framework/Versions/A/TrustEvaluationAgent
0x000000019ac11000 	/usr/lib/libsasl2.2.dylib
0x00000001b0c95000 	/usr/lib/swift/libswiftCoreGraphics.dylib
0x000000019fa4f000 	/usr/lib/swift/libswiftFoundation.dylib
0x00000001eafa6000 	/usr/lib/swift/libswiftSwiftOnoneSupport.dylib
0x000000028ae5f000 	/usr/lib/swift/libswiftsys_time.dylib
0x00000001d5da5000 	/System/Library/PrivateFrameworks/CoreMaterial.framework/Versions/A/CoreMaterial
0x0000000289349000 	/usr/lib/libSpatial.dylib
0x0000000288d6a000 	/System/Library/SubFrameworks/UIUtilities.framework/Versions/A/UIUtilities
0x000000010a750000 	/Users/halitburakyesildal/Library/Java/JavaVirtualMachines/openjdk-22.0.2/Contents/Home/lib/server/libjvm.dylib
0x0000000104fe0000 	/Users/halitburakyesildal/Library/Java/JavaVirtualMachines/openjdk-22.0.2/Contents/Home/lib/libjimage.dylib
0x0000000109708000 	/Users/halitburakyesildal/Library/Java/JavaVirtualMachines/openjdk-22.0.2/Contents/Home/lib/libjdwp.dylib
0x0000000109750000 	/Users/halitburakyesildal/Library/Java/JavaVirtualMachines/openjdk-22.0.2/Contents/Home/lib/libjava.dylib
0x000000010522c000 	/Users/halitburakyesildal/Library/Java/JavaVirtualMachines/openjdk-22.0.2/Contents/Home/lib/libinstrument.dylib
0x0000000109780000 	/Users/halitburakyesildal/Library/Java/JavaVirtualMachines/openjdk-22.0.2/Contents/Home/lib/libzip.dylib
0x000000010a208000 	/Users/halitburakyesildal/Library/Java/JavaVirtualMachines/openjdk-22.0.2/Contents/Home/lib/libnio.dylib
0x000000010a228000 	/Users/halitburakyesildal/Library/Java/JavaVirtualMachines/openjdk-22.0.2/Contents/Home/lib/libnet.dylib
0x0000000288e3f000 	/usr/lib/i18n/libiconv_std.dylib
0x0000000288e35000 	/usr/lib/i18n/libUTF8.dylib
0x0000000288e44000 	/usr/lib/i18n/libmapper_none.dylib
0x000000010a240000 	/Users/halitburakyesildal/Library/Java/JavaVirtualMachines/openjdk-22.0.2/Contents/Home/lib/libdt_socket.dylib
0x000000010a254000 	/Users/halitburakyesildal/.openjfx/cache/21.0.6+3/aarch64/libprism_es2.dylib
0x00000001b27b2000 	/System/Library/Frameworks/Carbon.framework/Versions/A/Carbon
0x00000001a8a0e000 	/System/Library/Frameworks/Carbon.framework/Versions/A/Frameworks/CommonPanels.framework/Versions/A/CommonPanels
0x00000001a339f000 	/System/Library/Frameworks/Carbon.framework/Versions/A/Frameworks/Help.framework/Versions/A/Help
0x00000001a8a12000 	/System/Library/Frameworks/Carbon.framework/Versions/A/Frameworks/ImageCapture.framework/Versions/A/ImageCapture
0x00000001a89ed000 	/System/Library/Frameworks/Carbon.framework/Versions/A/Frameworks/OpenScripting.framework/Versions/A/OpenScripting
0x00000001a8a0d000 	/System/Library/Frameworks/Carbon.framework/Versions/A/Frameworks/Ink.framework/Versions/A/Ink
0x00000001a8a0a000 	/System/Library/Frameworks/Carbon.framework/Versions/A/Frameworks/SecurityHI.framework/Versions/A/SecurityHI
0x00000002891bd000 	/usr/lib/libInterpreterSecurity.dylib
0x00000001c939a000 	/System/Library/PrivateFrameworks/XprotectFramework.framework/Versions/A/XprotectFramework
0x00000001abfb7000 	/System/Library/PrivateFrameworks/yara.framework/Versions/A/yara
0x000000028913a000 	/usr/lib/libEndpointSecuritySystem.dylib
0x000000022be33000 	/System/Library/Frameworks/OpenGL.framework/Versions/A/Resources/GLEngine.bundle/GLEngine
0x000000022bcd3000 	/System/Library/Frameworks/OpenGL.framework/Versions/A/Libraries/libGLProgrammability.dylib
0x000000010a458000 	/System/Library/Extensions/AppleMetalOpenGLRenderer.bundle/Contents/MacOS/AppleMetalOpenGLRenderer
0x000000022bf91000 	/System/Library/Frameworks/OpenGL.framework/Versions/A/Resources/GLRendererFloat.bundle/GLRendererFloat
0x00000001252a0000 	/System/Library/Extensions/AGXMetalG15G_C0.bundle/Contents/MacOS/AGXMetalG15G_C0
0x00000001abcaa000 	/System/Library/PrivateFrameworks/IOGPU.framework/Versions/A/IOGPU
0x000000010a550000 	/Users/halitburakyesildal/.openjfx/cache/21.0.6+3/aarch64/libglass.dylib
0x000000022c464000 	/System/Library/Frameworks/AppIntents.framework/Versions/A/AppIntents
0x0000000232a27000 	/System/Library/Frameworks/RelevanceKit.framework/Versions/A/RelevanceKit
0x00000001967d9000 	/System/Library/Frameworks/CoreSpotlight.framework/Versions/A/CoreSpotlight
0x00000002598a7000 	/System/Library/PrivateFrameworks/LinkServices.framework/Versions/A/LinkServices
0x000000019fd14000 	/System/Library/Frameworks/Contacts.framework/Versions/A/Contacts
0x0000000238aa1000 	/System/Library/PrivateFrameworks/AppIntentsTypeSupport.framework/Versions/A/AppIntentsTypeSupport
0x00000002466ea000 	/System/Library/PrivateFrameworks/DoNotDisturb.framework/Versions/A/DoNotDisturb
0x00000002596f5000 	/System/Library/PrivateFrameworks/LinkMetadata.framework/Versions/A/LinkMetadata
0x00000001b3df3000 	/usr/lib/swift/libswiftIntents.dylib
0x00000001b915a000 	/System/Library/PrivateFrameworks/IntentsCore.framework/Versions/A/IntentsCore
0x000000023b988000 	/System/Library/PrivateFrameworks/AvailabilityKit.framework/Versions/A/AvailabilityKit
0x0000000238684000 	/System/Library/PrivateFrameworks/AppIntentSchemas.framework/Versions/A/AppIntentSchemas
0x000000022e5b7000 	/System/Library/Frameworks/GeoToolbox.framework/Versions/A/GeoToolbox
0x000000024e086000 	/System/Library/PrivateFrameworks/GRDBInternal.framework/Versions/A/GRDBInternal
0x0000000276514000 	/System/Library/PrivateFrameworks/StatusKit.framework/Versions/A/StatusKit
0x000000019fb2b000 	/System/Library/PrivateFrameworks/ContactsPersistence.framework/Versions/A/ContactsPersistence
0x000000019ec81000 	/System/Library/PrivateFrameworks/AppleLDAP.framework/Versions/A/AppleLDAP
0x00000001a3752000 	/System/Library/Frameworks/ClassKit.framework/Versions/A/ClassKit
0x00000001a59f5000 	/System/Library/PrivateFrameworks/CoreSuggestions.framework/Versions/A/CoreSuggestions
0x000000019fa50000 	/System/Library/PrivateFrameworks/ContactsFoundation.framework/Versions/A/ContactsFoundation
0x00000001a11dc000 	/System/Library/PrivateFrameworks/vCard.framework/Versions/A/vCard
0x000000023f46a000 	/System/Library/PrivateFrameworks/ContactsMetrics.framework/Versions/A/ContactsMetrics
0x00000001986bd000 	/System/Library/PrivateFrameworks/login.framework/Versions/A/login
0x000000025dcd0000 	/System/Library/PrivateFrameworks/ManagedOrganizationContacts.framework/Versions/A/ManagedOrganizationContacts
0x0000000191a9d000 	/System/Library/PrivateFrameworks/CloudDocs.framework/Versions/A/CloudDocs
0x00000001ac555000 	/System/Library/PrivateFrameworks/ProactiveEventTracker.framework/Versions/A/ProactiveEventTracker
0x00000001a062a000 	/System/Library/PrivateFrameworks/GenerationalStorage.framework/Versions/A/GenerationalStorage
0x000000019b0dc000 	/System/Library/PrivateFrameworks/CacheDelete.framework/Versions/A/CacheDelete
0x00000001a3e5b000 	/System/Library/Frameworks/QuickLookThumbnailing.framework/Versions/A/QuickLookThumbnailing
0x00000001a0454000 	/System/Library/Frameworks/FileProvider.framework/Versions/A/FileProvider
0x000000018c979000 	/System/Library/PrivateFrameworks/DesktopServicesPriv.framework/Versions/A/DesktopServicesPriv
0x00000001b3850000 	/System/Library/PrivateFrameworks/FTServices.framework/Versions/A/FTServices
0x00000001abc4c000 	/System/Library/PrivateFrameworks/CloudServices.framework/Versions/A/CloudServices
0x0000000192f53000 	/System/Library/Frameworks/CoreLocation.framework/Versions/A/CoreLocation
0x00000001a24df000 	/System/Library/Frameworks/Intents.framework/Versions/A/Intents
0x0000000196407000 	/System/Library/PrivateFrameworks/AuthKit.framework/Versions/A/AuthKit
0x00000001ba6d6000 	/usr/lib/swift/libswiftCoreLocation.dylib
0x000000019c68c000 	/System/Library/PrivateFrameworks/Sharing.framework/Versions/A/Sharing
0x000000019c020000 	/System/Library/PrivateFrameworks/IDSFoundation.framework/Versions/A/IDSFoundation
0x00000001a2b58000 	/System/Library/PrivateFrameworks/Apple80211.framework/Versions/A/Apple80211
0x0000000195941000 	/System/Library/Frameworks/CoreWLAN.framework/Versions/A/CoreWLAN
0x000000019a805000 	/System/Library/PrivateFrameworks/IMFoundation.framework/Versions/A/IMFoundation
0x00000001abfb6000 	/System/Library/PrivateFrameworks/Marco.framework/Versions/A/Marco
0x000000018ed3e000 	/System/Library/PrivateFrameworks/CommonUtilities.framework/Versions/A/CommonUtilities
0x00000001a89d5000 	/System/Library/PrivateFrameworks/Engram.framework/Versions/A/Engram
0x00000002836a8000 	/System/Library/PrivateFrameworks/XPCDistributed.framework/Versions/A/XPCDistributed
0x00000001a8973000 	/usr/lib/libtidy.A.dylib
0x0000000198910000 	/System/Library/PrivateFrameworks/Bom.framework/Versions/A/Bom
0x000000019ac31000 	/usr/lib/libParallelCompression.dylib
0x000000019ac24000 	/System/Library/PrivateFrameworks/MultiverseSupport.framework/Versions/A/MultiverseSupport
0x00000001a0332000 	/System/Library/PrivateFrameworks/DiskManagement.framework/Versions/A/DiskManagement
0x00000001a0241000 	/System/Library/PrivateFrameworks/AppleIDAuthSupport.framework/Versions/A/AppleIDAuthSupport
0x0000000235b56000 	/System/Library/PrivateFrameworks/AAAFoundation.framework/Versions/A/AAAFoundation
0x000000019b12b000 	/System/Library/PrivateFrameworks/KeychainCircle.framework/Versions/A/KeychainCircle
0x00000001acb97000 	/System/Library/PrivateFrameworks/URLFormatting.framework/Versions/A/URLFormatting
0x00000001a33a8000 	/usr/lib/libcsfde.dylib
0x00000001982ad000 	/usr/lib/libCoreStorage.dylib
0x000000019cb6b000 	/System/Library/PrivateFrameworks/ProtectedCloudStorage.framework/Versions/A/ProtectedCloudStorage
0x00000001a33a3000 	/System/Library/PrivateFrameworks/EFILogin.framework/Versions/A/EFILogin
0x00000001a0651000 	/System/Library/PrivateFrameworks/OctagonTrust.framework/Versions/A/OctagonTrust
0x000000019bdfb000 	/System/Library/PrivateFrameworks/IDS.framework/Versions/A/IDS
0x00000001a12b0000 	/System/Library/Frameworks/LocalAuthentication.framework/Versions/A/LocalAuthentication
0x0000000259ae0000 	/System/Library/PrivateFrameworks/LocalAuthenticationCore.framework/Versions/A/LocalAuthenticationCore
0x0000000259ca6000 	/System/Library/PrivateFrameworks/LocalAuthenticationCredentialServices.framework/Versions/A/LocalAuthenticationCredentialServices
0x00000001a131d000 	/System/Library/Frameworks/LocalAuthentication.framework/Support/SharedUtils.framework/Versions/A/SharedUtils
0x000000023b333000 	/System/Library/PrivateFrameworks/AsyncAlgorithmsInternal.framework/Versions/A/AsyncAlgorithmsInternal
0x00000001c278a000 	/System/Library/PrivateFrameworks/FTAWD.framework/Versions/A/FTAWD
0x00000001a3de3000 	/System/Library/PrivateFrameworks/IntentsFoundation.framework/Versions/A/IntentsFoundation
0x000000019160a000 	/System/Library/PrivateFrameworks/ApplePushService.framework/Versions/A/ApplePushService
0x0000000191675000 	/System/Library/Frameworks/CloudKit.framework/Versions/A/CloudKit
0x00000001ca7a8000 	/System/Library/PrivateFrameworks/DeviceIdentity.framework/Versions/A/DeviceIdentity
0x0000000232eb1000 	/System/Library/Frameworks/SharedWithYouCore.framework/Versions/A/SharedWithYouCore
0x000000023e8f9000 	/System/Library/PrivateFrameworks/CloudTelemetry.framework/Versions/A/CloudTelemetry
0x00000001a381a000 	/System/Library/PrivateFrameworks/AppleAccount.framework/Versions/A/AppleAccount
0x00000001a3dfe000 	/System/Library/PrivateFrameworks/C2.framework/Versions/A/C2
0x000000023e54d000 	/System/Library/PrivateFrameworks/CloudCoreInternal.framework/Versions/A/CloudCoreInternal
0x000000023e2b8000 	/System/Library/PrivateFrameworks/CloudAsset.framework/Versions/A/CloudAsset
0x00000001a3df4000 	/System/Library/Frameworks/PushKit.framework/Versions/A/PushKit
0x000000023e91e000 	/System/Library/PrivateFrameworks/CloudTelemetryTools.framework/Versions/A/CloudTelemetryTools
0x000000023e90f000 	/System/Library/PrivateFrameworks/CloudTelemetryShared.dylib
0x00000001a5ccc000 	/System/Library/PrivateFrameworks/RTCReporting.framework/Versions/A/RTCReporting
0x0000000235b73000 	/System/Library/PrivateFrameworks/AAAFoundationSwift.framework/Versions/A/AAAFoundationSwift
0x00000001a3aa0000 	/System/Library/PrivateFrameworks/AppleIDSSOAuthentication.framework/Versions/A/AppleIDSSOAuthentication
0x00000001912a4000 	/System/Library/PrivateFrameworks/ViewBridge.framework/Versions/A/ViewBridge
0x000000023512c000 	/System/Library/Frameworks/_AppIntents_AppKit.framework/Versions/A/_AppIntents_AppKit
0x00000001ba6bb000 	/System/Library/Frameworks/Accelerate.framework/Versions/A/Frameworks/vImage.framework/Versions/A/Libraries/libCGInterfaces.dylib
0x000000010a534000 	/usr/lib/libobjc-trampolines.dylib
0x0000000288e51000 	/usr/lib/libAccessibilityBaseImplementations.dylib
0x00000002831a6000 	/System/Library/PrivateFrameworks/WritingToolsUI.framework/Versions/A/WritingToolsUI
0x0000000250f6b000 	/System/Library/PrivateFrameworks/GenerativeAssistantSettings.framework/Versions/A/GenerativeAssistantSettings
0x0000000278546000 	/System/Library/PrivateFrameworks/TextComposer.framework/Versions/A/TextComposer
0x0000000250f3e000 	/System/Library/PrivateFrameworks/GenerativeAssistantCommon.framework/Versions/A/GenerativeAssistantCommon
0x00000001bb7c0000 	/System/Library/Frameworks/SwiftUI.framework/Versions/A/SwiftUI
0x00000002383a8000 	/System/Library/PrivateFrameworks/Anvil.framework/Versions/A/Anvil
0x00000002513f3000 	/System/Library/PrivateFrameworks/GenerativePartnerService.framework/Versions/A/GenerativePartnerService
0x000000025141e000 	/System/Library/PrivateFrameworks/GenerativePartnerServiceUI.framework/Versions/A/GenerativePartnerServiceUI
0x00000001b39eb000 	/System/Library/Frameworks/SafariServices.framework/Versions/A/SafariServices
0x00000001b0d8e000 	/System/Library/Frameworks/WebKit.framework/Versions/A/WebKit
0x000000023516b000 	/System/Library/Frameworks/_AuthenticationServices_SwiftUI.framework/Versions/A/_AuthenticationServices_SwiftUI
0x00000001bad3f000 	/System/Library/PrivateFrameworks/AppStoreDaemon.framework/Versions/A/AppStoreDaemon
0x00000001a637b000 	/System/Library/PrivateFrameworks/AppleMediaServices.framework/Versions/A/AppleMediaServices
0x00000001b6f8d000 	/System/Library/PrivateFrameworks/AppleMediaServicesUI.framework/Versions/A/AppleMediaServicesUI
0x00000001ea4fe000 	/System/Library/PrivateFrameworks/JetEngine.framework/Versions/A/JetEngine
0x00000001b46cc000 	/System/Library/PrivateFrameworks/OnBoardingKit.framework/Versions/A/OnBoardingKit
0x000000026d5c6000 	/System/Library/PrivateFrameworks/Settings.framework/Versions/A/Settings
0x000000022de31000 	/System/Library/Frameworks/ExtensionKit.framework/Versions/A/ExtensionKit
0x000000022de74000 	/System/Library/Frameworks/FSKit.framework/Versions/A/FSKit
0x0000000278422000 	/System/Library/PrivateFrameworks/TextAnimationSupport.framework/Versions/A/TextAnimationSupport
0x000000026a729000 	/System/Library/PrivateFrameworks/RecapPerformanceTesting.framework/Versions/A/RecapPerformanceTesting
0x00000001b46bc000 	/System/Library/PrivateFrameworks/SignpostCollection.framework/Versions/A/SignpostCollection
0x00000001a5cfd000 	/System/Library/Frameworks/WebKit.framework/Versions/A/Frameworks/WebKitLegacy.framework/Versions/A/WebKitLegacy
0x00000001a3af1000 	/System/Library/PrivateFrameworks/CorePrediction.framework/Versions/A/CorePrediction
0x00000001923aa000 	/System/Library/Frameworks/WebKit.framework/Versions/A/Frameworks/WebCore.framework/Versions/A/Frameworks/libwebrtc.dylib
0x000000019ac99000 	/System/Library/Frameworks/SecurityInterface.framework/Versions/A/SecurityInterface
0x00000001b46cb000 	/System/Library/PrivateFrameworks/WebInspectorUI.framework/Versions/A/WebInspectorUI
0x00000001a8a15000 	/System/Library/Frameworks/JavaScriptCore.framework/Versions/A/JavaScriptCore
0x00000001acce4000 	/System/Library/Frameworks/WebKit.framework/Versions/A/Frameworks/WebCore.framework/Versions/A/WebCore
0x000000022cf35000 	/System/Library/Frameworks/BrowserEngineCore.framework/Versions/A/BrowserEngineCore
0x0000000234ce5000 	/System/Library/Frameworks/WebKit.framework/Versions/A/Frameworks/WebCore.framework/Versions/A/Frameworks/libANGLE-shared.dylib
0x0000000281a01000 	/System/Library/PrivateFrameworks/WebGPU.framework/Versions/A/WebGPU
0x00000001b6608000 	/System/Library/Frameworks/SceneKit.framework/Versions/A/SceneKit
0x00000001c7ee1000 	/System/Library/Frameworks/ModelIO.framework/Versions/A/ModelIO
0x000000019cc69000 	/System/Library/Frameworks/MetalKit.framework/Versions/A/MetalKit
0x000000019ef8f000 	/System/Library/Frameworks/GLKit.framework/Versions/A/GLKit
0x000000028b1b1000 	/usr/lib/usd/libusd_ms.dylib
0x000000027cc29000 	/System/Library/PrivateFrameworks/USDLib_FormatLoaderProxy.framework/Versions/A/USDLib_FormatLoaderProxy
0x000000028ae5a000 	/usr/lib/swift/libswift_errno.dylib
0x00000001b3831000 	/System/Library/PrivateFrameworks/CoreOptimization.framework/Versions/A/CoreOptimization
0x000000023b835000 	/System/Library/PrivateFrameworks/AuthenticationServicesCore.framework/Versions/A/AuthenticationServicesCore
0x00000001be170000 	/System/Library/Frameworks/AuthenticationServices.framework/Versions/A/AuthenticationServices
0x0000000198240000 	/System/Library/PrivateFrameworks/SharedWebCredentials.framework/Versions/A/SharedWebCredentials
0x00000001b5595000 	/System/Library/PrivateFrameworks/SafariCore.framework/Versions/A/SafariCore
0x00000001bdc82000 	/System/Library/PrivateFrameworks/SafariFoundation.framework/Versions/A/SafariFoundation
0x000000023cb0c000 	/System/Library/PrivateFrameworks/CBORLibrary.framework/Versions/A/CBORLibrary
0x000000023db6b000 	/System/Library/PrivateFrameworks/Chirp.framework/Versions/A/Chirp
0x000000023e7bc000 	/System/Library/PrivateFrameworks/CloudSubscriptionFeatures.framework/Versions/A/CloudSubscriptionFeatures
0x00000001eb941000 	/System/Library/PrivateFrameworks/RemoteManagement.framework/Versions/A/RemoteManagement
0x000000026ab18000 	/System/Library/PrivateFrameworks/RemoteManagementModel.framework/Versions/A/RemoteManagementModel
0x000000026aba9000 	/System/Library/PrivateFrameworks/RemoteManagementStore.framework/Versions/A/RemoteManagementStore
0x000000019cc88000 	/usr/lib/libxcselect.dylib
0x00000001bdbf1000 	/System/Library/PrivateFrameworks/DifferentialPrivacy.framework/Versions/A/DifferentialPrivacy
0x000000025dcd6000 	/System/Library/PrivateFrameworks/ManagedSettingsObjC.framework/Versions/A/ManagedSettingsObjC
0x00000001a4edc000 	/System/Library/PrivateFrameworks/ConfigurationProfiles.framework/Versions/A/ConfigurationProfiles
0x0000000259d30000 	/System/Library/PrivateFrameworks/LockdownMode.framework/Versions/A/LockdownMode
0x000000027d88e000 	/System/Library/PrivateFrameworks/VDAF.framework/Versions/A/VDAF
0x000000019f375000 	/System/Library/PrivateFrameworks/SystemAdministration.framework/Versions/A/SystemAdministration
0x00000001aa4be000 	/System/Library/PrivateFrameworks/PowerlogControl.framework/Versions/A/PowerlogControl
0x00000001aa4c0000 	/usr/lib/libUniversalAccess.dylib
0x00000001a6e45000 	/System/Library/PrivateFrameworks/FamilyControls.framework/Versions/A/FamilyControls
0x000000019ec55000 	/System/Library/Frameworks/DirectoryService.framework/Versions/A/DirectoryService
0x00000001a3435000 	/System/Library/PrivateFrameworks/LoginUIKit.framework/Versions/A/Frameworks/LoginUICore.framework/Versions/A/LoginUICore
0x000000019890e000 	/usr/lib/libodfde.dylib
0x00000001a6e3f000 	/System/Library/PrivateFrameworks/UniversalAccess.framework/Versions/A/Libraries/libUAPreferences.dylib
0x00000001a6e67000 	/System/Library/PrivateFrameworks/CommerceKit.framework/Versions/A/Frameworks/CommerceCore.framework/Versions/A/CommerceCore
0x000000019acd3000 	/System/Library/PrivateFrameworks/CoreFollowUp.framework/Versions/A/CoreFollowUp
0x000000024579d000 	/System/Library/PrivateFrameworks/DMCUtilities.framework/Versions/A/DMCUtilities
0x0000000259dbf000 	/System/Library/PrivateFrameworks/MDMClientLibrary.framework/Versions/A/MDMClientLibrary
0x000000026ab9d000 	/System/Library/PrivateFrameworks/RemoteManagementProtocol.framework/Versions/A/RemoteManagementProtocol
0x00000002456ff000 	/System/Library/PrivateFrameworks/DEPClientLibrary.framework/Versions/A/DEPClientLibrary
0x000000024572c000 	/System/Library/PrivateFrameworks/DMCEnrollmentLibrary.framework/Versions/A/DMCEnrollmentLibrary
0x00000001aa5a4000 	/System/Library/PrivateFrameworks/SetupAssistantFramework.framework/Versions/A/SetupAssistantFramework
0x00000001a3b47000 	/System/Library/PrivateFrameworks/AuthKitUI.framework/Versions/A/AuthKitUI
0x00000001a347f000 	/System/Library/PrivateFrameworks/AppSSO.framework/Versions/A/AppSSO
0x00000001baa92000 	/System/Library/PrivateFrameworks/LocalAuthenticationUI.framework/Versions/A/LocalAuthenticationUI
0x00000002680d8000 	/System/Library/PrivateFrameworks/PlatformSSO.framework/Versions/A/PlatformSSO
0x00000002681c6000 	/System/Library/PrivateFrameworks/PlatformSSOCore.framework/Versions/A/PlatformSSOCore
0x000000022f130000 	/System/Library/Frameworks/LocalAuthenticationEmbeddedUI.framework/Versions/A/LocalAuthenticationEmbeddedUI
0x00000001bb58a000 	/System/Library/PrivateFrameworks/AOSUI.framework/Versions/A/AOSUI
0x00000001ac316000 	/System/Library/Frameworks/ContactsUI.framework/Versions/A/ContactsUI
0x000000019ffd1000 	/System/Library/PrivateFrameworks/FamilyCircle.framework/Versions/A/FamilyCircle
0x00000001c97a9000 	/System/Library/Frameworks/LinkPresentation.framework/Versions/A/LinkPresentation
0x00000001abe9b000 	/System/Library/PrivateFrameworks/IASUtilities.framework/Versions/A/IASUtilities
0x0000000254798000 	/System/Library/PrivateFrameworks/IASUtilitiesCore.framework/Versions/A/IASUtilitiesCore
0x000000026ac12000 	/System/Library/PrivateFrameworks/RemoteUI.framework/Versions/A/RemoteUI
0x000000025904a000 	/System/Library/PrivateFrameworks/LiftUI.framework/Versions/A/LiftUI
0x00000002837cd000 	/System/Library/PrivateFrameworks/_IconServices_SwiftUI.framework/Versions/A/_IconServices_SwiftUI
0x000000023e6f2000 	/System/Library/PrivateFrameworks/CloudSettings.framework/Versions/A/CloudSettings
0x00000001a5ac8000 	/System/Library/Frameworks/EventKit.framework/Versions/A/EventKit
0x00000001b48e5000 	/System/Library/PrivateFrameworks/SearchFoundation.framework/Versions/A/SearchFoundation
0x00000001cb90c000 	/System/Library/PrivateFrameworks/Email.framework/Versions/A/Email
0x00000001b3441000 	/System/Library/PrivateFrameworks/CoreRoutine.framework/Versions/A/CoreRoutine
0x00000001eb29a000 	/System/Library/PrivateFrameworks/VoiceShortcutClient.framework/Versions/A/VoiceShortcutClient
0x00000001c3362000 	/System/Library/PrivateFrameworks/Categories.framework/Versions/A/Categories
0x00000001bb42f000 	/System/Library/PrivateFrameworks/ChronoServices.framework/Versions/A/ChronoServices
0x000000023d5a3000 	/System/Library/PrivateFrameworks/CalendarDatabase.framework/Versions/A/CalendarDatabase
0x000000023d4e4000 	/System/Library/PrivateFrameworks/CalendarDaemon.framework/Versions/A/CalendarDaemon
0x00000001a4e17000 	/System/Library/PrivateFrameworks/CalendarFoundation.framework/Versions/A/CalendarFoundation
0x00000001a4dd2000 	/System/Library/PrivateFrameworks/iCalendar.framework/Versions/A/iCalendar
0x00000002459a2000 	/System/Library/PrivateFrameworks/DataAccessExpress.framework/Versions/A/DataAccessExpress
0x00000001ac47e000 	/System/Library/PrivateFrameworks/ContactsAutocomplete.framework/Versions/A/ContactsAutocomplete
0x00000001bb37b000 	/System/Library/PrivateFrameworks/FTClientServices.framework/Versions/A/FTClientServices
0x0000000276b9d000 	/System/Library/PrivateFrameworks/StorageContainersPrivate.framework/Versions/A/StorageContainersPrivate
0x000000028aae9000 	/usr/lib/swift/libswiftCoreMediaIO.dylib
0x00000001abd1c000 	/System/Library/PrivateFrameworks/CoreDAV.framework/Versions/A/CoreDAV
0x00000001a5992000 	/System/Library/PrivateFrameworks/CalDAV.framework/Versions/A/CalDAV
0x00000001b09e4000 	/System/Library/PrivateFrameworks/TelephonyUtilities.framework/Versions/A/TelephonyUtilities
0x000000022f0ec000 	/System/Library/Frameworks/LiveCommunicationKit.framework/Versions/A/LiveCommunicationKit
0x000000023f018000 	/System/Library/PrivateFrameworks/CommunicationTrust.framework/Versions/A/CommunicationTrust
0x00000001b53a4000 	/System/Library/Frameworks/CallKit.framework/Versions/A/CallKit
0x000000019ffca000 	/System/Library/PrivateFrameworks/CommunicationsFilter.framework/Versions/A/CommunicationsFilter
0x00000001dffe5000 	/System/Library/PrivateFrameworks/IMTransferServices.framework/Versions/A/IMTransferServices
0x00000001b384a000 	/System/Library/PrivateFrameworks/IncomingCallFilter.framework/Versions/A/IncomingCallFilter
0x0000000262ea6000 	/System/Library/PrivateFrameworks/NeighborhoodActivityConduit.framework/Versions/A/NeighborhoodActivityConduit
0x00000001b793f000 	/System/Library/PrivateFrameworks/CallHistory.framework/Versions/A/CallHistory
0x0000000288fca000 	/usr/lib/libBASupport.dylib
0x000000023d9e9000 	/System/Library/PrivateFrameworks/CallsUtilities.framework/Versions/A/CallsUtilities
0x000000023d9f5000 	/System/Library/PrivateFrameworks/CallsXPC.framework/Versions/A/CallsXPC
0x00000001ebaac000 	/usr/lib/swift/libswiftCallKit.dylib
0x000000023d9db000 	/System/Library/PrivateFrameworks/CallsPersistence.framework/Versions/A/CallsPersistence
0x0000000232cff000 	/System/Library/Frameworks/SensitiveContentAnalysis.framework/Versions/A/SensitiveContentAnalysis
0x00000001b89af000 	/System/Library/PrivateFrameworks/PeopleSuggester.framework/Versions/A/PeopleSuggester
0x00000001c20e9000 	/System/Library/PrivateFrameworks/SpotlightReceiver.framework/Versions/A/SpotlightReceiver
0x000000028378d000 	/System/Library/PrivateFrameworks/_AppIntentsServices_AppIntents.framework/Versions/A/_AppIntentsServices_AppIntents
0x0000000238806000 	/System/Library/PrivateFrameworks/AppIntentsServices.framework/Versions/A/AppIntentsServices
0x00000001a4dbb000 	/System/Library/PrivateFrameworks/CoreRecents.framework/Versions/A/CoreRecents
0x00000002351ee000 	/System/Library/Frameworks/_GeoToolbox_AppIntents.framework/Versions/A/_GeoToolbox_AppIntents
0x00000001d574a000 	/System/Library/PrivateFrameworks/DiagnosticRequest.framework/Versions/A/DiagnosticRequest
0x000000026a7da000 	/System/Library/PrivateFrameworks/RegulatoryDomain.framework/Versions/A/RegulatoryDomain
0x000000019f067000 	/usr/lib/libCTGreenTeaLogger.dylib
0x0000000259d03000 	/System/Library/PrivateFrameworks/LocalStatusKit.framework/Versions/A/LocalStatusKit
0x00000001b08cb000 	/System/Library/PrivateFrameworks/CoreParsec.framework/Versions/A/CoreParsec
0x00000001cb900000 	/System/Library/PrivateFrameworks/EmailAddressing.framework/Versions/A/EmailAddressing
0x00000001c76ea000 	/System/Library/PrivateFrameworks/EmailCore.framework/Versions/A/EmailCore
0x00000001c87db000 	/System/Library/PrivateFrameworks/EmailFoundation.framework/Versions/A/EmailFoundation
0x00000002659af000 	/System/Library/PrivateFrameworks/PegasusAPI.framework/Versions/A/PegasusAPI
0x000000026676b000 	/System/Library/PrivateFrameworks/PegasusConfiguration.framework/Versions/A/PegasusConfiguration
0x000000027b058000 	/System/Library/PrivateFrameworks/ToolKit.framework/Versions/A/ToolKit
0x000000026afc1000 	/System/Library/PrivateFrameworks/ReplicatorEngine.framework/Versions/A/ReplicatorEngine
0x000000026b17c000 	/System/Library/PrivateFrameworks/ReplicatorServices.framework/Versions/A/ReplicatorServices
0x0000000277cf2000 	/System/Library/PrivateFrameworks/SystemWake.framework/Versions/A/SystemWake
0x00000001b557b000 	/System/Library/PrivateFrameworks/ContextKit.framework/Versions/A/ContextKit
0x000000023f5b4000 	/System/Library/PrivateFrameworks/ContextKitCore.framework/Versions/A/ContextKitCore
0x00000001b3ae0000 	/System/Library/Frameworks/LocalAuthentication.framework/Support/DaemonUtils.framework/Versions/A/DaemonUtils
0x0000000259c65000 	/System/Library/PrivateFrameworks/LocalAuthenticationCoreUI.framework/Versions/A/LocalAuthenticationCoreUI
0x00000001b6f53000 	/System/Library/PrivateFrameworks/BridgeXPC.framework/Versions/A/BridgeXPC
0x00000001b47ac000 	/System/Library/PrivateFrameworks/CoreKDL.framework/Versions/A/CoreKDL
0x00000001b2dd7000 	/System/Library/PrivateFrameworks/EmbeddedOSSupportHost.framework/Versions/A/EmbeddedOSSupportHost
0x00000001a7992000 	/System/Library/PrivateFrameworks/LoginUIKit.framework/Versions/A/LoginUIKit
0x00000001c3862000 	/System/Library/PrivateFrameworks/StorageKit.framework/Versions/A/StorageKit
0x000000022a63e000 	/System/Library/Frameworks/DeviceCheck.framework/Versions/A/DeviceCheck
0x0000000246399000 	/System/Library/PrivateFrameworks/DiskImages2.framework/Versions/A/DiskImages2
0x00000001c38dc000 	/System/Library/PrivateFrameworks/CoreWLANKit.framework/Versions/A/CoreWLANKit
0x0000000280d56000 	/System/Library/PrivateFrameworks/Wallpaper.framework/Versions/A/Wallpaper
0x000000028ab04000 	/usr/lib/swift/libswiftGLKit.dylib
0x000000028ab10000 	/usr/lib/swift/libswiftMetalKit.dylib
0x000000028ab12000 	/usr/lib/swift/libswiftModelIO.dylib
0x000000028abd5000 	/usr/lib/swift/libswiftSceneKit.dylib
0x00000001cc885000 	/System/Library/PrivateFrameworks/DynamicDesktop.framework/Versions/A/DynamicDesktop
0x0000000280ee9000 	/System/Library/PrivateFrameworks/WallpaperFoundation.framework/Versions/A/WallpaperFoundation
0x0000000280f48000 	/System/Library/PrivateFrameworks/WallpaperTypes.framework/Versions/A/WallpaperTypes
0x00000001e1dd8000 	/System/Library/PrivateFrameworks/SystemDesktopAppearance.framework/Versions/A/SystemDesktopAppearance
0x0000000286892000 	/System/Library/PrivateFrameworks/icloudMCCKit.framework/Versions/A/icloudMCCKit
0x0000000239afd000 	/System/Library/PrivateFrameworks/AppleAccountUI.framework/Versions/A/AppleAccountUI
0x00000001d5d71000 	/System/Library/PrivateFrameworks/PreferencePanesSupport.framework/Versions/A/PreferencePanesSupport
0x00000001bb738000 	/System/Library/PrivateFrameworks/FindMyDeviceUI.framework/Versions/A/FindMyDeviceUI
0x000000028446e000 	/System/Library/PrivateFrameworks/iCloudQuotaUI.framework/Versions/A/iCloudQuotaUI
0x00000001d5f22000 	/System/Library/PrivateFrameworks/CoreCDPUI.framework/Versions/A/CoreCDPUI
0x00000001b52d4000 	/System/Library/PrivateFrameworks/CoreFollowUpUI.framework/Versions/A/CoreFollowUpUI
0x00000001c236d000 	/System/Library/PrivateFrameworks/IMCore.framework/Versions/A/IMCore
0x00000001aa525000 	/System/Library/PrivateFrameworks/CoreCDP.framework/Versions/A/CoreCDP
0x00000001a6366000 	/System/Library/PrivateFrameworks/AskPermission.framework/Versions/A/AskPermission
0x00000001b90ce000 	/System/Library/Frameworks/Quartz.framework/Versions/A/Quartz
0x00000001c5dc4000 	/System/Library/PrivateFrameworks/CloudPhotoServicesConfiguration.framework/Versions/A/CloudPhotoServicesConfiguration
0x00000001b775f000 	/System/Library/PrivateFrameworks/CommerceKit.framework/Versions/A/CommerceKit
0x00000001c77bc000 	/System/Library/PrivateFrameworks/FindMyMac.framework/Versions/A/FindMyMac
0x00000001c768c000 	/System/Library/Frameworks/PreferencePanes.framework/Versions/A/PreferencePanes
0x00000001bab80000 	/System/Library/Frameworks/AddressBook.framework/Versions/A/AddressBook
0x00000001a5201000 	/System/Library/PrivateFrameworks/AOSAccounts.framework/Versions/A/AOSAccounts
0x000000019f36f000 	/System/Library/PrivateFrameworks/AppleSRP.framework/Versions/A/AppleSRP
0x00000001a3d2e000 	/System/Library/PrivateFrameworks/NetFSServer.framework/Versions/A/NetFSServer
0x00000001b64e0000 	/System/Library/Frameworks/PDFKit.framework/Versions/A/PDFKit
0x000000028ab28000 	/usr/lib/swift/libswiftPassKit.dylib
0x00000001d9fb6000 	/System/Library/Frameworks/PassKit.framework/Versions/A/PassKit
0x00000001a7a9f000 	/System/Library/PrivateFrameworks/PassKitCore.framework/Versions/A/PassKitCore
0x00000002652c9000 	/System/Library/PrivateFrameworks/PassKitMacHelperTemp.framework/Versions/A/PassKitMacHelperTemp
0x0000000288f25000 	/usr/lib/libAppleSSE.dylib
0x00000001b3b28000 	/System/Library/PrivateFrameworks/BiometricKit.framework/Versions/A/BiometricKit
0x000000026b7da000 	/System/Library/PrivateFrameworks/SEService.framework/Versions/A/SEService
0x000000022df3f000 	/System/Library/Frameworks/FinanceKit.framework/Versions/A/FinanceKit
0x00000001b917a000 	/System/Library/PrivateFrameworks/NearField.framework/Versions/A/NearField
0x000000026b751000 	/System/Library/PrivateFrameworks/SESShared.framework/Versions/A/SESShared
0x000000026ba43000 	/System/Library/PrivateFrameworks/STSXPCHelperClient.framework/Versions/A/STSXPCHelperClient
0x00000001baf99000 	/usr/lib/libnfshared.dylib
0x0000000277a72000 	/System/Library/PrivateFrameworks/Symptoms.framework/Versions/A/Frameworks/SymptomPresentationFeed.framework/Versions/A/SymptomPresentationFeed
0x000000023a5cf000 	/System/Library/PrivateFrameworks/AppleMediaServicesKitInternal.framework/Versions/A/AppleMediaServicesKitInternal
0x00000002777ae000 	/System/Library/PrivateFrameworks/SymptomShared.framework/Versions/A/SymptomShared
0x00000001dce73000 	/System/Library/PrivateFrameworks/PassKitUIFoundation.framework/Versions/A/PassKitUIFoundation
0x000000019ec93000 	/System/Library/Frameworks/MapKit.framework/Versions/A/MapKit
0x00000002514c2000 	/System/Library/PrivateFrameworks/GeoAnalytics.framework/Versions/A/GeoAnalytics
0x00000001bafc7000 	/System/Library/PrivateFrameworks/Navigation.framework/Versions/A/Navigation
0x00000001c4e45000 	/System/Library/PrivateFrameworks/VectorKit.framework/Versions/A/VectorKit
0x00000001abf64000 	/System/Library/PrivateFrameworks/VirtualGarage.framework/Versions/A/VirtualGarage
0x00000001bb1c4000 	/System/Library/Frameworks/ExternalAccessory.framework/ExternalAccessory
0x00000001bb1df000 	/System/Library/PrivateFrameworks/IAP.framework/Versions/A/IAP
0x000000019ef55000 	/System/Library/PrivateFrameworks/IOPlatformPluginFamily.framework/Versions/A/IOPlatformPluginFamily
0x000000023b98b000 	/System/Library/PrivateFrameworks/AvatarKit.framework/Versions/A/AvatarKit
0x000000023ba4a000 	/System/Library/PrivateFrameworks/AvatarPersistence.framework/Versions/A/AvatarPersistence
0x000000023465f000 	/System/Library/Frameworks/TipKit.framework/Versions/A/TipKit
0x00000001a7563000 	/System/Library/PrivateFrameworks/IMSharedUtilities.framework/Versions/A/IMSharedUtilities
0x000000028aac9000 	/usr/lib/swift/libswiftAppleArchive.dylib
0x000000027d98a000 	/System/Library/PrivateFrameworks/VFX.framework/Versions/A/VFX
0x00000001d7b74000 	/System/Library/PrivateFrameworks/AppleCVA.framework/Versions/A/AppleCVA
0x000000023ba49000 	/System/Library/PrivateFrameworks/AvatarKitContent.framework/Versions/A/AvatarKitContent
0x000000022fe95000 	/System/Library/Frameworks/MetalFX.framework/Versions/A/MetalFX
0x000000023f12f000 	/System/Library/PrivateFrameworks/CompositorNonUI.framework/Versions/A/CompositorNonUI
0x000000022c1b4000 	/System/Library/Frameworks/ARKit.framework/Versions/A/ARKit
0x0000000236e5d000 	/System/Library/PrivateFrameworks/ARKitCore.framework/Versions/A/ARKitCore
0x0000000289016000 	/usr/lib/libDisplayWarpSupport.dylib
0x00000002413ff000 	/System/Library/PrivateFrameworks/CoreComposite.framework/Versions/A/CoreComposite
0x0000000289aad000 	/usr/lib/libchannel.dylib
0x000000028a723000 	/usr/lib/librealtime_safety.dylib
0x0000000236ee9000 	/System/Library/PrivateFrameworks/ARKitFoundation.framework/Versions/A/ARKitFoundation
0x0000000239b99000 	/System/Library/PrivateFrameworks/AppleDepth.framework/Versions/A/AppleDepth
0x0000000239d16000 	/System/Library/PrivateFrameworks/AppleDepthCore.framework/Versions/A/AppleDepthCore
0x000000019f08f000 	/System/Library/PrivateFrameworks/CoreAppleCVA.framework/Versions/A/CoreAppleCVA
0x00000001ac096000 	/System/Library/PrivateFrameworks/ContactsUICore.framework/Versions/A/ContactsUICore
0x00000001b3955000 	/System/Library/PrivateFrameworks/ContactsDonation.framework/Versions/A/ContactsDonation
0x00000001b3212000 	/System/Library/PrivateFrameworks/DataDetectors.framework/Versions/A/DataDetectors
0x00000001a597e000 	/System/Library/Frameworks/MediaLibrary.framework/Versions/A/MediaLibrary
0x000000019ffb9000 	/System/Library/PrivateFrameworks/PersonaKit.framework/Versions/A/PersonaKit
0x00000001ac083000 	/System/Library/PrivateFrameworks/PersonaUI.framework/Versions/A/PersonaUI
0x00000001c70a2000 	/System/Library/PrivateFrameworks/Transparency.framework/Versions/A/Transparency
0x0000000247ef3000 	/System/Library/PrivateFrameworks/FindMyLocate.framework/Versions/A/FindMyLocate
0x00000001b5252000 	/System/Library/PrivateFrameworks/IntlPreferences.framework/Versions/A/IntlPreferences
0x0000000245456000 	/System/Library/PrivateFrameworks/CoreTransparency.framework/Versions/A/CoreTransparency
0x0000000247dc7000 	/System/Library/PrivateFrameworks/FindMyCommon.framework/Versions/A/FindMyCommon
0x0000000247b9a000 	/System/Library/PrivateFrameworks/FindMyBase.framework/Versions/A/FindMyBase
0x000000023192a000 	/System/Library/Frameworks/NearbyInteraction.framework/Versions/A/NearbyInteraction
0x000000019fbaa000 	/System/Library/PrivateFrameworks/AddressBookCore.framework/Versions/A/AddressBookCore
0x00000001bad1d000 	/System/Library/PrivateFrameworks/ToneKit.framework/Versions/A/ToneKit
0x00000001b5299000 	/System/Library/PrivateFrameworks/ToneLibrary.framework/Versions/A/ToneLibrary
0x000000023f436000 	/System/Library/PrivateFrameworks/ContactsAccounts.framework/Versions/A/ContactsAccounts
0x00000001b8fe5000 	/System/Library/PrivateFrameworks/Lookup.framework/Versions/A/Lookup
0x000000023224b000 	/System/Library/Frameworks/QuickLookUI.framework/Versions/A/QuickLookUI
0x0000000232c78000 	/System/Library/Frameworks/ScreenCaptureKit.framework/Versions/A/ScreenCaptureKit
0x00000001b5fff000 	/System/Library/Frameworks/Quartz.framework/Versions/A/Frameworks/QuartzComposer.framework/Versions/A/QuartzComposer
0x00000001b5229000 	/System/Library/Frameworks/Quartz.framework/Versions/A/Frameworks/QuartzFilters.framework/Versions/A/QuartzFilters
0x00000001b42b0000 	/System/Library/Frameworks/Quartz.framework/Versions/A/Frameworks/ImageKit.framework/Versions/A/ImageKit
0x000000022bfb5000 	/System/Library/Frameworks/OpenCL.framework/Versions/A/OpenCL
0x00000001b27b1000 	/System/Library/PrivateFrameworks/CorePDF.framework/Versions/A/CorePDF
0x000000019cc02000 	/System/Library/Frameworks/QuickLook.framework/Versions/A/QuickLook
0x00000001a798d000 	/System/Library/PrivateFrameworks/DisplayServices.framework/Versions/A/DisplayServices
0x00000001b51ad000 	/System/Library/Frameworks/ImageCaptureCore.framework/Versions/A/ImageCaptureCore
0x000000027f899000 	/System/Library/PrivateFrameworks/VisionKitCore.framework/Versions/A/VisionKitCore
0x00000001b089b000 	/System/Library/PrivateFrameworks/QuickLookSupport.framework/Versions/A/QuickLookSupport
0x000000025e5c8000 	/System/Library/PrivateFrameworks/MediaAnalysisServices.framework/Versions/A/MediaAnalysisServices
0x00000001b7f72000 	/System/Library/PrivateFrameworks/PhotoLibraryServices.framework/Versions/A/PhotoLibraryServices
0x00000001b4dbe000 	/System/Library/Frameworks/Photos.framework/Versions/A/Photos
0x00000001c9bae000 	/System/Library/PrivateFrameworks/PhotosFormats.framework/Versions/A/PhotosFormats
0x000000027e9e3000 	/System/Library/PrivateFrameworks/VectorSearch.framework/Versions/A/VectorSearch
0x00000001c5df0000 	/System/Library/PrivateFrameworks/CloudPhotoLibrary.framework/Versions/A/CloudPhotoLibrary
0x00000001cf631000 	/System/Library/PrivateFrameworks/CloudPhotoServices.framework/Versions/A/CloudPhotoServices
0x00000001cba82000 	/System/Library/PrivateFrameworks/CoreMediaStream.framework/Versions/A/CoreMediaStream
0x00000001a0683000 	/System/Library/PrivateFrameworks/CPAnalytics.framework/Versions/A/CPAnalytics
0x00000001c7e18000 	/System/Library/PrivateFrameworks/MediaConversionService.framework/Versions/A/MediaConversionService
0x00000001a754f000 	/System/Library/PrivateFrameworks/PhotoFoundation.framework/Versions/A/PhotoFoundation
0x0000000266d96000 	/System/Library/PrivateFrameworks/PhotoLibraryServicesCore.framework/Versions/A/PhotoLibraryServicesCore
0x00000001c1a54000 	/System/Library/PrivateFrameworks/MMCS.framework/Versions/A/MMCS
0x00000001a57d9000 	/System/Library/PrivateFrameworks/ChunkingLibrary.framework/Versions/A/ChunkingLibrary
0x000000019f33c000 	/System/Library/PrivateFrameworks/AssetCacheServices.framework/Versions/A/AssetCacheServices
0x00000001a132b000 	/System/Library/PrivateFrameworks/AVFoundationCF.framework/Versions/A/AVFoundationCF
0x00000001dfedc000 	/usr/lib/swift/libswiftDemangle.dylib
0x0000000254987000 	/System/Library/PrivateFrameworks/ImageCaptureDevices.framework/Versions/A/ImageCaptureDevices
0x00000001b34d7000 	/System/Library/PrivateFrameworks/MediaStream.framework/Versions/A/MediaStream
0x00000001c8306000 	/System/Library/PrivateFrameworks/NeutrinoCore.framework/Versions/A/NeutrinoCore
0x000000018e5ca000 	/System/Library/PrivateFrameworks/NLP.framework/Versions/A/NLP
0x00000001ce386000 	/System/Library/PrivateFrameworks/PhotoImaging.framework/Versions/A/PhotoImaging
0x00000001cf5f2000 	/System/Library/PrivateFrameworks/PhotosImagingFoundation.framework/Versions/A/PhotosImagingFoundation
0x0000000267943000 	/System/Library/PrivateFrameworks/PhotosIntelligenceCore.framework/Versions/A/PhotosIntelligenceCore
0x00000001a17c2000 	/System/Library/PrivateFrameworks/EmbeddedAcousticRecognition.framework/Versions/A/EmbeddedAcousticRecognition
0x00000001bcf50000 	/System/Library/PrivateFrameworks/EmojiFoundation.framework/Versions/A/EmojiFoundation
0x00000001c6069000 	/System/Library/PrivateFrameworks/SDAPI.framework/Versions/A/SDAPI
0x0000000258711000 	/System/Library/PrivateFrameworks/IsolatedContextLogging.framework/Versions/A/IsolatedContextLogging
0x00000001cf640000 	/System/Library/PrivateFrameworks/AutoLoop.framework/Versions/A/AutoLoop
0x0000000268569000 	/System/Library/PrivateFrameworks/Portrait.framework/Versions/A/Portrait
0x0000000248618000 	/System/Library/PrivateFrameworks/FusionTracker.framework/Versions/A/FusionTracker
0x00000001b5a82000 	/System/Library/PrivateFrameworks/iTunesCloud.framework/Versions/A/iTunesCloud
0x00000001bee71000 	/System/Library/PrivateFrameworks/DAAPKit.framework/Versions/A/DAAPKit
0x00000001b0c34000 	/System/Library/PrivateFrameworks/DeviceManagement.framework/Versions/A/DeviceManagement
0x00000001d569c000 	/System/Library/PrivateFrameworks/ScreenTimeUI.framework/Versions/A/ScreenTimeUI
0x00000001b320c000 	/System/Library/PrivateFrameworks/QuickLookNonBaseSystem.framework/Versions/A/QuickLookNonBaseSystem
0x00000001b3a2b000 	/System/Library/PrivateFrameworks/Catalyst.framework/Versions/A/Catalyst
0x00000001b544c000 	/System/Library/PrivateFrameworks/ScreenTimeCore.framework/Versions/A/ScreenTimeCore
0x00000001c9005000 	/System/Library/PrivateFrameworks/ScreenTimeServiceUI.framework/Versions/A/ScreenTimeServiceUI
0x00000001c1be6000 	/System/Library/PrivateFrameworks/ConfigurationEngineModel.framework/Versions/A/ConfigurationEngineModel
0x00000001c4dff000 	/System/Library/PrivateFrameworks/UsageTracking.framework/Versions/A/UsageTracking
0x000000022db8c000 	/System/Library/Frameworks/DeviceActivity.framework/Versions/A/DeviceActivity
0x00000001c4dce000 	/System/Library/PrivateFrameworks/KnowledgeMonitor.framework/Versions/A/KnowledgeMonitor
0x00000001dce19000 	/System/Library/PrivateFrameworks/BluetoothManager.framework/Versions/A/BluetoothManager
0x000000022f223000 	/System/Library/Frameworks/ManagedSettings.framework/Versions/A/ManagedSettings
0x000000025dd1b000 	/System/Library/PrivateFrameworks/ManagedSettingsSupport.framework/Versions/A/ManagedSettingsSupport
0x00000001da087000 	/System/Library/Frameworks/ReplayKit.framework/Versions/A/ReplayKit
0x00000001a89a7000 	/System/Library/PrivateFrameworks/MarkupUI.framework/Versions/A/MarkupUI
0x00000001b31e3000 	/System/Library/PrivateFrameworks/SidecarCore.framework/Versions/A/SidecarCore
0x00000001b5eb3000 	/System/Library/PrivateFrameworks/AnnotationKit.framework/Versions/A/AnnotationKit
0x00000001b44e3000 	/System/Library/Frameworks/PencilKit.framework/Versions/A/PencilKit
0x00000001b46a7000 	/System/Library/PrivateFrameworks/SidecarUI.framework/Versions/A/SidecarUI
0x00000001b3e4e000 	/System/Library/PrivateFrameworks/CoreHandwriting.framework/Versions/A/CoreHandwriting
0x00000001881bb000 	/usr/lib/libmecabra.dylib
0x00000001ac690000 	/System/Library/PrivateFrameworks/Calculate.framework/Versions/A/Calculate
0x0000000197ff2000 	/usr/lib/libChineseTokenizer.dylib
0x00000001eb866000 	/System/Library/PrivateFrameworks/ScreenReaderCore.framework/Versions/A/ScreenReaderCore
0x0000000276b2f000 	/System/Library/PrivateFrameworks/StocksKit.framework/Versions/A/StocksKit
0x00000001ab63d000 	/System/Library/PrivateFrameworks/OAuth.framework/Versions/A/OAuth
0x0000000276825000 	/System/Library/PrivateFrameworks/StocksCore.framework/Versions/A/StocksCore
0x0000000278002000 	/System/Library/PrivateFrameworks/TeaFoundation.framework/Versions/A/TeaFoundation
0x00000002781e9000 	/System/Library/PrivateFrameworks/TeaSettings.framework/Versions/A/TeaSettings
0x00000001e15f5000 	/System/Library/PrivateFrameworks/NewsCore.framework/Versions/A/NewsCore
0x0000000277f9f000 	/System/Library/PrivateFrameworks/TeaDB.framework/Versions/A/TeaDB
0x00000001ddf8b000 	/System/Library/PrivateFrameworks/RemoteConfiguration.framework/Versions/A/RemoteConfiguration
0x00000001e11de000 	/System/Library/PrivateFrameworks/NewsTransport.framework/Versions/A/NewsTransport
0x00000001e15e5000 	/System/Library/PrivateFrameworks/NewsFoundation.framework/Versions/A/NewsFoundation
0x00000002634a7000 	/System/Library/PrivateFrameworks/NewsURLBucket.framework/Versions/A/NewsURLBucket
0x00000001b7b71000 	/System/Library/PrivateFrameworks/MobileInstallation.framework/Versions/A/MobileInstallation
0x00000002347c8000 	/System/Library/Frameworks/Translation.framework/Versions/A/Translation
0x00000001d1015000 	/System/Library/PrivateFrameworks/RevealCore.framework/Versions/A/RevealCore
0x00000001d1009000 	/System/Library/PrivateFrameworks/Reveal.framework/Versions/A/Reveal
0x00000001c8cb0000 	/System/Library/Frameworks/Speech.framework/Versions/A/Speech
0x0000000235cb2000 	/System/Library/PrivateFrameworks/AIMLExperimentationAnalytics.framework/Versions/A/AIMLExperimentationAnalytics
0x000000023812d000 	/System/Library/PrivateFrameworks/AlgorithmsInternal.framework/Versions/A/AlgorithmsInternal
0x000000027b95d000 	/System/Library/PrivateFrameworks/TranslationUIServices.framework/Versions/A/TranslationUIServices
0x000000027a6b1000 	/System/Library/PrivateFrameworks/TipKitCore.framework/Versions/A/TipKitCore
0x00000001bcfd5000 	/System/Library/PrivateFrameworks/CoreCDPInternal.framework/Versions/A/CoreCDPInternal
0x0000000255170000 	/System/Library/PrivateFrameworks/InputAnalytics.framework/Versions/A/InputAnalytics
0x00000001c2c5a000 	/System/Library/Frameworks/InstantMessage.framework/Versions/A/InstantMessage
0x00000001baa8b000 	/System/Library/PrivateFrameworks/IDSKVStore.framework/Versions/A/IDSKVStore
0x00000001ba73d000 	/System/Library/PrivateFrameworks/IMDPersistence.framework/Versions/A/IMDPersistence
0x000000027d884000 	/System/Library/PrivateFrameworks/UserSafety.framework/Versions/A/UserSafety
0x00000001dbf18000 	/System/Library/PrivateFrameworks/BlastDoor.framework/Versions/A/BlastDoor
0x0000000259878000 	/System/Library/PrivateFrameworks/LinkPresentationStyleSheetParsing.framework/Versions/A/LinkPresentationStyleSheetParsing
0x000000026872a000 	/System/Library/PrivateFrameworks/PosterFoundation.framework/Versions/A/PosterFoundation
0x00000002687b7000 	/System/Library/PrivateFrameworks/PosterModel.framework/Versions/A/PosterModel
0x0000000268792000 	/System/Library/PrivateFrameworks/PosterFuturesKit.framework/Versions/A/PosterFuturesKit
0x0000000247971000 	/System/Library/PrivateFrameworks/FeedbackService.framework/Versions/A/FeedbackService
0x00000001b38a9000 	/System/Library/PrivateFrameworks/CoreSDB.framework/Versions/A/CoreSDB
0x000000023b10a000 	/System/Library/PrivateFrameworks/AskToCore.framework/Versions/A/AskToCore
0x00000001d5f1f000 	/System/Library/PrivateFrameworks/MachineSettings.framework/Versions/A/MachineSettings
0x00000001c7605000 	/System/Library/PrivateFrameworks/BezelServices.framework/Versions/A/BezelServices
0x00000001beefc000 	/System/Library/PrivateFrameworks/SPOwner.framework/Versions/A/SPOwner
0x00000001b77c4000 	/System/Library/PrivateFrameworks/FMCore.framework/Versions/A/FMCore
0x00000002843c0000 	/System/Library/PrivateFrameworks/iCloudQuota.framework/Versions/A/iCloudQuota
0x00000001ac000000 	/System/Library/PrivateFrameworks/CoreRecognition.framework/Versions/A/CoreRecognition
0x00000001c76c5000 	/System/Library/PrivateFrameworks/InAppMessages.framework/Versions/A/InAppMessages
0x00000001ea417000 	/System/Library/PrivateFrameworks/JetUI.framework/Versions/A/JetUI
0x0000000258a70000 	/System/Library/PrivateFrameworks/JetPack.framework/Versions/A/JetPack
0x00000001c76bc000 	/System/Library/PrivateFrameworks/InAppMessagesCore.framework/Versions/A/InAppMessagesCore
0x00000002837dd000 	/System/Library/PrivateFrameworks/_JetEngine_SwiftUI.framework/Versions/A/_JetEngine_SwiftUI
0x0000000277a9b000 	/System/Library/PrivateFrameworks/Synapse.framework/Versions/A/Synapse
0x000000023d333000 	/System/Library/PrivateFrameworks/CSExattrCrypto.framework/Versions/A/CSExattrCrypto
0x00000001b8cdc000 	/System/Library/PrivateFrameworks/StoreFoundation.framework/Versions/A/StoreFoundation
0x00000001b77be000 	/System/Library/PrivateFrameworks/ServerInformation.framework/Versions/A/ServerInformation
0x00000001b71d6000 	/System/Library/PrivateFrameworks/Install.framework/Frameworks/DistributionKit.framework/Versions/A/DistributionKit
0x00000001b066f000 	/System/Library/PrivateFrameworks/PackageKit.framework/Versions/A/PackageKit
0x00000001b71f9000 	/System/Library/PrivateFrameworks/OSPersonalization.framework/Versions/A/OSPersonalization
0x00000001b9242000 	/System/Library/PrivateFrameworks/BridgeOSSoftwareUpdate.framework/Versions/A/BridgeOSSoftwareUpdate
0x00000001b3d4d000 	/System/Library/PrivateFrameworks/StorageManagement.framework/Versions/A/StorageManagement
0x00000001c8b34000 	/usr/lib/libauthinstall.dylib
0x00000001b924b000 	/System/Library/PrivateFrameworks/InstallerDiagnostics.framework/Versions/A/InstallerDiagnostics
0x00000001c91ed000 	/usr/lib/libcrypto.42.dylib
0x000000028b004000 	/usr/lib/updaters/libAppleTconUARPUpdater.dylib
0x000000028b199000 	/usr/lib/updaters/libT200Updater.dylib
0x00000001b9230000 	/System/Library/PrivateFrameworks/GPUInfo.framework/Versions/A/GPUInfo
0x00000001c77c2000 	/System/Library/PrivateFrameworks/MobileActivationMacOS.framework/Versions/A/MobileActivationMacOS
0x00000001ab582000 	/System/Library/PrivateFrameworks/AccountsDaemon.framework/Versions/A/AccountsDaemon
0x00000001b928e000 	/System/Library/PrivateFrameworks/AOSKit.framework/Versions/A/AOSKit
0x0000000198121000 	/System/Library/PrivateFrameworks/AppSSOCore.framework/Versions/A/AppSSOCore
0x000000023bae4000 	/System/Library/PrivateFrameworks/BackgroundSystemTasks.framework/Versions/A/BackgroundSystemTasks
0x00000001a3d68000 	/System/Library/PrivateFrameworks/DuetActivityScheduler.framework/Versions/A/DuetActivityScheduler
0x00000001c5d1b000 	/System/Library/PrivateFrameworks/NetworkServiceProxy.framework/Versions/A/NetworkServiceProxy
0x000000019efc9000 	/usr/lib/libnetworkextension.dylib
0x00000002777be000 	/System/Library/PrivateFrameworks/Symptoms.framework/Versions/A/Frameworks/SymptomAnalytics.framework/Versions/A/SymptomAnalytics
0x000000019bb31000 	/System/Library/Frameworks/NetworkExtension.framework/Versions/A/NetworkExtension
0x00000001a2488000 	/System/Library/PrivateFrameworks/CoreDuetContext.framework/Versions/A/CoreDuetContext
0x000000018cc22000 	/System/Library/PrivateFrameworks/CoreDuet.framework/Versions/A/CoreDuet
0x00000001a7289000 	/System/Library/PrivateFrameworks/AssistantServices.framework/Versions/A/AssistantServices
0x00000001a146e000 	/System/Library/PrivateFrameworks/SAObjects.framework/Versions/A/SAObjects
0x00000001a6e74000 	/System/Library/PrivateFrameworks/MediaRemote.framework/Versions/A/MediaRemote
0x000000027404d000 	/System/Library/PrivateFrameworks/SiriTTSService.framework/Versions/A/SiriTTSService
0x000000026e74a000 	/System/Library/PrivateFrameworks/SiriCrossDeviceArbitration.framework/Versions/A/SiriCrossDeviceArbitration
0x00000002474fc000 	/System/Library/PrivateFrameworks/FaceTimeNameUtility.framework/Versions/A/FaceTimeNameUtility
0x000000026e79e000 	/System/Library/PrivateFrameworks/SiriCrossDeviceArbitrationFeedback.framework/Versions/A/SiriCrossDeviceArbitrationFeedback
0x00000001c804a000 	/System/Library/PrivateFrameworks/UIKitServices.framework/Versions/A/UIKitServices
0x00000001abe10000 	/System/Library/PrivateFrameworks/MediaServices.framework/Versions/A/MediaServices
0x000000019856b000 	/System/Library/PrivateFrameworks/PersistentConnection.framework/Versions/A/PersistentConnection
0x0000000275944000 	/System/Library/PrivateFrameworks/SonicFoundation.framework/Versions/A/SonicFoundation
0x00000001bb78b000 	/usr/lib/libtailspin.dylib
0x00000001cf752000 	/System/Library/PrivateFrameworks/Osprey.framework/Versions/A/Osprey
0x00000002736cd000 	/System/Library/PrivateFrameworks/SiriTTS.framework/Versions/A/SiriTTS
0x000000027228d000 	/System/Library/PrivateFrameworks/SiriPowerInstrumentation.framework/Versions/A/SiriPowerInstrumentation
0x0000000277f9d000 	/System/Library/PrivateFrameworks/TailspinSymbolication.framework/Versions/A/TailspinSymbolication
0x0000000245868000 	/System/Library/PrivateFrameworks/Darwinup.framework/Versions/A/Darwinup
0x00000001c7e53000 	/System/Library/PrivateFrameworks/SignpostSupport.framework/Versions/A/SignpostSupport
0x00000001b3836000 	/System/Library/PrivateFrameworks/FeatureFlagsSupport.framework/Versions/A/FeatureFlagsSupport
0x00000001c7513000 	/System/Library/PrivateFrameworks/ktrace.framework/Versions/A/ktrace
0x00000001c8082000 	/System/Library/PrivateFrameworks/SampleAnalysis.framework/Versions/A/SampleAnalysis
0x00000001d0fe3000 	/System/Library/PrivateFrameworks/kperfdata.framework/Versions/A/kperfdata
0x000000019cd40000 	/usr/lib/libdscsym.dylib
0x00000001d14b4000 	/System/Library/PrivateFrameworks/BulkSymbolication.framework/Versions/A/BulkSymbolication
0x00000001a4eb6000 	/System/Library/PrivateFrameworks/CoreDuetDaemonProtocol.framework/Versions/A/CoreDuetDaemonProtocol
0x00000001b8b5e000 	/System/Library/PrivateFrameworks/CaptiveNetwork.framework/Versions/A/CaptiveNetwork
0x00000001a32b3000 	/System/Library/PrivateFrameworks/EAP8021X.framework/Versions/A/EAP8021X
0x000000024562e000 	/System/Library/PrivateFrameworks/CryptoKitPrivate.framework/Versions/A/CryptoKitPrivate
0x00000001b2e07000 	/System/Library/PrivateFrameworks/FindMyDevice.framework/Versions/A/FindMyDevice
0x00000001a7a7e000 	/System/Library/PrivateFrameworks/FMCoreLite.framework/Versions/A/FMCoreLite
0x0000000195c24000 	/System/Library/Frameworks/ServiceManagement.framework/Versions/A/ServiceManagement
0x00000001393c4000 	/Users/halitburakyesildal/.openjfx/cache/21.0.6+3/aarch64/libjfxwebkit.dylib
0x0000000129f40000 	/Users/halitburakyesildal/.openjfx/cache/21.0.6+3/aarch64/libjavafx_font.dylib
0x00000002787af000 	/System/Library/PrivateFrameworks/TextInputUI.framework/Versions/A/TextInputUI
0x00000002787e5000 	/System/Library/PrivateFrameworks/TextInputUIMacHelper.framework/Versions/A/TextInputUIMacHelper
0x00000001bdcc9000 	/System/Library/PrivateFrameworks/SafariPlatformSupport.framework/Versions/A/SafariPlatformSupport


VM Arguments:
jvm_args: -agentlib:jdwp=transport=dt_socket,address=127.0.0.1:64866,suspend=y,server=n -javaagent:/Users/halitburakyesildal/Library/Caches/JetBrains/IntelliJIdea2026.1/captureAgent/debugger-agent.jar=file:///var/folders/qh/fbrmsxsd0tx74jrj2ckfqrn40000gn/T/capture1799224733726847963.props -Dkotlinx.coroutines.debug.enable.creation.stack.trace=false -Ddebugger.agent.enable.coroutines=true -Dkotlinx.coroutines.debug.enable.flows.stack.trace=true -Dkotlinx.coroutines.debug.enable.mutable.state.flows.stack.trace=true -Ddebugger.async.stack.trace.for.all.threads=true -Dfile.encoding=UTF-8 -Dsun.stdout.encoding=UTF-8 -Dsun.stderr.encoding=UTF-8 --module-path=/Users/halitburakyesildal/.m2/repository/com/fasterxml/jackson/core/jackson-core/2.12.1/jackson-core-2.12.1.jar:/Users/halitburakyesildal/IdeaProjects/Oauth2TokenTestWithPkceFx/target/classes:/Users/halitburakyesildal/.m2/repository/org/openjfx/javafx-graphics/21.0.6/javafx-graphics-21.0.6-mac-aarch64.jar:/Users/halitburakyesildal/.m2/repository/com/dlsc/formsfx/formsfx-core/11.6.0/formsfx-core-11.6.0.jar:/Users/halitburakyesildal/.m2/repository/org/openjfx/javafx-web/21.0.6/javafx-web-21.0.6-mac-aarch64.jar:/Users/halitburakyesildal/.m2/repository/com/gluonhq/attach/lifecycle/4.0.9/lifecycle-4.0.9.jar:/Users/halitburakyesildal/.m2/repository/com/fasterxml/jackson/core/jackson-databind/2.12.1/jackson-databind-2.12.1.jar:/Users/halitburakyesildal/.m2/repository/eu/hansolo/tilesfx/21.0.9/tilesfx-21.0.9.jar:/Users/halitburakyesildal/.m2/repository/com/github/almasb/fxgl-core/11.17/fxgl-core-11.17.jar:/Users/halitburakyesildal/.m2/repository/com/nimbusds/oauth2-oidc-sdk/11.37/oauth2-oidc-sdk-11.37.jar:/Users/halitburakyesildal/.m2/repository/com/github/almasb/fxgl-io/11.17/fxgl-io-11.17.jar:/Users/halitburakyesildal/.m2/repository/org/openjfx/javafx-controls/21.0.6/javafx-controls-21.0.6-mac-aarch64.jar:/Users/halitburakyesildal/.m2/repository/org/openjfx/javafx-fxml/21.0.6/javafx-fxml-21.0.6-mac-aarch64.jar:/Users/halitburakyesildal/.m2/repository/com/gluonhq/attach/storage/4.0.9/storage-4.0.9.jar:/Users/halitburakyesildal/.m2/repository/eu/hansolo/fx/heatmap/21.0.5/heatmap-21.0.5.jar:/Users/halitburakyesildal/.m2/repository/net/synedra/validatorfx/0.6.1/validatorfx-0.6.1.jar:/Users/halitburakyesildal/.m2/repository/org/kordamp/ikonli/ikonli-core/12.3.1/ikonli-core-12.3.1.jar:/Users/halitburakyesildal/.m2/repository/com/github/almasb/fxgl-gameplay/11.17/fxgl-gameplay-11.17.jar:/Users/halitburakyesildal/.m2/repository/org/kordamp/ikonli/ikonli-javafx/12.3.1/ikonli-javafx-12.3.1.jar:/Users/halitburakyesildal/.m2/repository/com/github/almasb/fxgl-scene/11.1-Djdk.module.main=com.phyex.oauth2tokentestwithpkcefx 
java_command: com.phyex.oauth2tokentestwithpkcefx/com.phyex.oauth2tokentestwithpkcefx.Launcher
java_class_path (initial): /Users/halitburakyesildal/.m2/repository/org/openjfx/javafx-controls/21.0.6/javafx-controls-21.0.6.jar:/Users/halitburakyesildal/.m2/repository/org/openjfx/javafx-graphics/21.0.6/javafx-graphics-21.0.6.jar:/Users/halitburakyesildal/.m2/repository/org/openjfx/javafx-base/21.0.6/javafx-base-21.0.6.jar:/Users/halitburakyesildal/.m2/repository/org/openjfx/javafx-fxml/21.0.6/javafx-fxml-21.0.6.jar:/Users/halitburakyesildal/.m2/repository/org/openjfx/javafx-web/21.0.6/javafx-web-21.0.6.jar:/Users/halitburakyesildal/.m2/repository/org/openjfx/javafx-swing/21.0.6/javafx-swing-21.0.6.jar:/Users/halitburakyesildal/.m2/repository/org/openjfx/javafx-media/21.0.6/javafx-media-21.0.6.jar:/Users/halitburakyesildal/.m2/repository/org/jetbrains/annotations/13.0/annotations-13.0.jar:/Users/halitburakyesildal/.m2/repository/org/jetbrains/kotlin/kotlin-stdlib-common/1.5.10/kotlin-stdlib-common-1.5.10.jar:/Users/halitburakyesildal/.m2/repository/com/github/stephenc/jcip/jcip-annotations/1.0-1/jcip-annotations-1.0-1.jar:/Users/halitburakyesildal/.m2/repository/com/nimbusds/content-type/2.3/content-type-2.3.jar:/Users/halitburakyesildal/.m2/repository/net/minidev/json-smart/2.5.2/json-smart-2.5.2.jar:/Users/halitburakyesildal/.m2/repository/net/minidev/accessors-smart/2.5.2/accessors-smart-2.5.2.jar:/Users/halitburakyesildal/.m2/repository/org/ow2/asm/asm/9.7.1/asm-9.7.1.jar:/Users/halitburakyesildal/.m2/repository/com/nimbusds/lang-tag/1.7/lang-tag-1.7.jar:/Users/halitburakyesildal/.m2/repository/com/nimbusds/nimbus-jose-jwt/10.6/nimbus-jose-jwt-10.6.jar:/Applications/IntelliJ IDEA.app/Contents/lib/idea_rt.jar
Launcher Type: SUN_STANDARD

[Global flags]
     intx CICompilerCount                          = 4                                         {product} {ergonomic}
     uint ConcGCThreads                            = 2                                         {product} {ergonomic}
     uint G1ConcRefinementThreads                  = 8                                         {product} {ergonomic}
   size_t G1HeapRegionSize                         = 2097152                                   {product} {ergonomic}
   size_t InitialHeapSize                          = 268435456                                 {product} {ergonomic}
   size_t MarkStackSize                            = 4194304                                   {product} {ergonomic}
   size_t MaxHeapSize                              = 4294967296                                {product} {ergonomic}
   size_t MaxNewSize                               = 2575302656                                {product} {ergonomic}
   size_t MinHeapDeltaBytes                        = 2097152                                   {product} {ergonomic}
   size_t MinHeapSize                              = 8388608                                   {product} {ergonomic}
    uintx NonNMethodCodeHeapSize                   = 5839564                                {pd product} {ergonomic}
    uintx NonProfiledCodeHeapSize                  = 122909338                              {pd product} {ergonomic}
    uintx ProfiledCodeHeapSize                     = 122909338                              {pd product} {ergonomic}
    uintx ReservedCodeCacheSize                    = 251658240                              {pd product} {ergonomic}
     bool SegmentedCodeCache                       = true                                      {product} {ergonomic}
   size_t SoftMaxHeapSize                          = 4294967296                             {manageable} {ergonomic}
     bool UseCompressedOops                        = true                           {product lp64_product} {ergonomic}
     bool UseG1GC                                  = true                                      {product} {ergonomic}
     bool UseNUMA                                  = false                                     {product} {ergonomic}
     bool UseNUMAInterleaving                      = false                                     {product} {ergonomic}

Logging:
Log output configuration:
 #0: stdout all=warning uptime,level,tags foldmultilines=false
 #1: stderr all=off uptime,level,tags foldmultilines=false

Environment Variables:
PATH=/opt/homebrew/bin:/opt/homebrew/sbin:/usr/local/bin:/System/Cryptexes/App/usr/bin:/usr/bin:/bin:/usr/sbin:/sbin:/var/run/com.apple.security.cryptexd/codex.system/bootstrap/usr/local/bin:/var/run/com.apple.security.cryptexd/codex.system/bootstrap/usr/bin:/var/run/com.apple.security.cryptexd/codex.system/bootstrap/usr/appleinternal/bin:/opt/pkg/env/active/bin:/opt/pmk/env/global/bin
SHELL=/bin/zsh
LANG=C.UTF-8
TMPDIR=/var/folders/qh/fbrmsxsd0tx74jrj2ckfqrn40000gn/T/

Active Locale:
LC_ALL=C.UTF-8
LC_COLLATE=C.UTF-8
LC_CTYPE=C.UTF-8
LC_MESSAGES=C.UTF-8
LC_MONETARY=C.UTF-8
LC_NUMERIC=C.UTF-8
LC_TIME=C.UTF-8

Signal Handlers:
   SIGSEGV: crash_handler in libjvm.dylib, mask=11100110000111110111111111111111, flags=SA_ONSTACK|SA_RESTART|SA_SIGINFO, unblocked
    SIGBUS: crash_handler in libjvm.dylib, mask=11100110000111110111111111111111, flags=SA_RESTART|SA_SIGINFO, unblocked
    SIGFPE: crash_handler in libjvm.dylib, mask=11100110000111110111111111111111, flags=SA_RESTART|SA_SIGINFO, unblocked
   SIGPIPE: javaSignalHandler in libjvm.dylib, mask=11100110000111110111111111111111, flags=SA_RESTART|SA_SIGINFO, blocked
   SIGXFSZ: javaSignalHandler in libjvm.dylib, mask=11100110000111110111111111111111, flags=SA_RESTART|SA_SIGINFO, blocked
    SIGILL: crash_handler in libjvm.dylib, mask=11100110000111110111111111111111, flags=SA_RESTART|SA_SIGINFO, unblocked
   SIGUSR2: SR_handler in libjvm.dylib, mask=00000000000000000000000000000000, flags=SA_RESTART|SA_SIGINFO, blocked
    SIGHUP: UserHandler in libjvm.dylib, mask=11100110000111110111111111111111, flags=SA_RESTART|SA_SIGINFO, blocked
    SIGINT: UserHandler in libjvm.dylib, mask=11100110000111110111111111111111, flags=SA_RESTART|SA_SIGINFO, blocked
   SIGTERM: UserHandler in libjvm.dylib, mask=11100110000111110111111111111111, flags=SA_RESTART|SA_SIGINFO, blocked
   SIGQUIT: UserHandler in libjvm.dylib, mask=11100110000111110111111111111111, flags=SA_RESTART|SA_SIGINFO, blocked
   SIGTRAP: crash_handler in libjvm.dylib, mask=11100110000111110111111111111111, flags=SA_RESTART|SA_SIGINFO, unblocked


Periodic native trim disabled

---------------  S Y S T E M  ---------------

OS:
uname: Darwin 25.4.0 Darwin Kernel Version 25.4.0: Thu Mar 19 19:32:59 PDT 2026; root:xnu-12377.101.15~1/RELEASE_ARM64_T8122 arm64
OS uptime: 4 days 23:34 hours
rlimit (soft/hard): STACK 8176k/65520k , CORE 0k/infinity , NPROC 2666/4000 , NOFILE 10240/infinity , AS infinity/infinity , CPU infinity/infinity , DATA infinity/infinity , FSIZE infinity/infinity , MEMLOCK infinity/infinity , RSS infinity/infinity
load average: 2.02 2.10 2.05

CPU: total 8 (initial active 8) 0x61:0x0:0xfa33415e:0, fp, asimd, aes, pmull, sha1, sha256, crc32, lse, sha3, sha512
machdep.cpu.brand_string:Apple M3
hw.cachelinesize:128
hw.l1icachesize:131072
hw.l1dcachesize:65536
hw.l2cachesize:4194304

Memory: 16k page, physical 16777216k(69920k free), swap 1048576k(838016k free)

vm_info: OpenJDK 64-Bit Server VM (22.0.2+9-70) for bsd-aarch64 JRE (22.0.2+9-70), built on 2024-06-04T16:52:23Z by "mach5one" with clang Apple LLVM 14.0.3 (clang-1403.0.22.14.1)

END.
